x1,x2,x3,x4,x5,x6,y
0.011584376897995241,0.21152457997006124,-1.0,-0.7084499585838732,1.0,1.0,7.438398124895347
0.36368216311484924,-0.9112517652502764,-0.2459639206300604,-0.8645802422744067,-0.5906572219140309,-0.8111127381364776,4.883580695200942
-0.7443321939515029,0.43470632016011035,-0.4003855497161374,0.5971707191122503,1.0,-0.3785469513411854,2.5428321818024497
1.0,0.689146657896083,0.8067241781960643,0.5910408687226791,1.0,0.6680212983138669,-5.0311691989834
-1.0,-1.0,0.6942869096076492,-0.12171184570184468,1.0,0.4696881577533248,0.8118482051606632
1.0,1.0,1.0,1.0,0.3025172765967214,0.5557325021752622,-6.792131713813521
0.9935408550032472,1.0,0.2070682709979299,0.7829000990261774,-0.4775070983982767,-1.0,7.471755389914756
-0.29210505454609814,0.03645213152898852,-0.5805654642220945,0.2530913904450599,-1.0,0.2542472208995213,-0.34920013465887745
-0.3626706272239524,-1.0,-1.0,-0.10980746393235985,-1.0,-0.7872386189369818,-1.1735357819687506
-1.0,-1.0,-0.6319474307838472,0.062088606581807995,-0.4093896391876935,0.9288091843142119,-0.7435290289239943
-0.8846841015798035,-0.3989043001310432,-0.28956302532277345,-0.41395928989680375,-0.8184216508273606,0.9067524026769532,0.3816236265168233
-0.04779217232201338,0.4048133096066011,-1.0,-0.35187433497537013,0.6369247235350641,1.0,8.294251490906394
0.192433378588035,0.8281854600663022,1.0,1.0,-1.0,-0.17858621366683314,0.19513590873151287
-1.0,-0.447140317432392,-0.9007072502689517,-0.44334077190998666,-1.0,-0.4234215106757844,-1.7898312395710236
-1.0,-0.30561326303480363,-0.5813666515833126,-0.4319948122289602,-0.4525713354091544,-0.20327639620782417,-1.8369379175479277
-1.0,-1.0,-1.0,-1.0,-0.715555301189904,0.10669001589685367,-5.312551474745511
-0.425188127349309,-1.0,0.6012423445575504,-1.0,-0.017731460915488828,-0.657205341461792,3.7594507971768283
1.0,0.02143029188903478,-0.4481753469164846,-0.6168319526115393,0.16657998277043773,0.8521166088407475,0.43207411546286867
-1.0,-0.9748139179249466,-0.9153776992080238,-0.857165515273685,0.1882026264601867,0.6798515300599537,-5.07921787245422
-1.0,-0.02035763369820298,0.05028101764853621,0.020536076311162388,0.3324136455811253,0.16666815267841695,0.6275325180127611
0.5160861853320986,-0.49648108473009545,-1.0,0.41350329771034844,0.6081548305050829,1.0,3.637603103888813
-0.16916064562721322,-0.6949075416271865,-1.0,-0.3605847362767143,-0.21309729407681233,-1.0,3.479251520573559
0.7862503421045931,0.9904107780215583,1.0,1.0,1.0,0.3454359930871165,-8.212665823337156
-1.0,-0.19340505965694788,-0.3720154262287798,-0.9655008659940296,-1.0,-1.0,0.41614762971777036
-1.0,-1.0,-0.6585750267830844,0.2685282954129825,-0.2630940080226304,-0.0874490687234456,-3.709374549493485
0.35812183029085887,-0.6747817300921023,-0.8612653094038074,0.03241065941051696,0.6502248159691396,1.0,2.773377816386484
-0.23545481873067442,-0.03674142293442012,-0.023377710139094843,0.44264329103402655,-0.36404544381435133,0.8427763893674844,1.3727442997348054
-0.18987280566890732,-0.4213014946400836,0.20650743367971153,0.178470547579125,0.24238855943466942,0.3820207497261412,0.19512044973697462
0.30387467953203656,0.6008778786350245,-0.5192615098005565,-1.0,0.6637617394910342,0.1959577534699813,0.6319357312644097
-1.0,-1.0,-0.70359363545266,-0.9246219719870215,-0.653090065343827,0.8761469684565258,-1.8296910962003947
0.5526524306570064,0.3002718685378309,0.22175364747501702,1.0,0.1749645117004377,0.31830081644791297,0.2882372627993851
1.0,1.0,-0.15165584604029037,0.28511646721676653,-1.0,-0.7262452799302485,5.499143118214101
-1.0,-0.4146499999042773,-1.0,-0.6465506095991195,-1.0,-0.06041601804253438,-3.248339709877963
0.9434189536272306,0.5455332271063942,0.6525878303888004,0.47079262811021194,0.7941059366439405,-0.707914893801239,-1.4518969624655955
-0.2676139895412638,1.0,0.6334123836415113,0.3857995973267465,-1.0,0.4651682674204356,-1.957798638719793
0.9944413205878007,1.0,1.0,1.0,0.29925712741526045,-1.0,-0.39192454973900626
0.20479291709824282,0.5989601845493994,1.0,-0.5107065402797553,-0.03483840011315181,-0.23333795405332305,-1.2600099917972165
-0.5758770850088979,0.7743501709984287,-1.0,-0.33532254400156436,-0.05199087716011985,-1.0,5.543256690328773
0.7883707582965759,0.15488889245018972,-0.14780129567300793,-1.0,0.5392021470047736,-0.18818960931286843,-1.2956659759473061
-0.2053591461875715,-1.0,-1.0,-0.19737029973854991,-0.9566652728222225,-1.0,1.4273530224756479
-0.12908777500173985,-0.8185121846224823,0.6914105431978002,1.0,-0.38035089747219963,-0.7083551017212839,2.633116527168328
0.25711234607427325,0.522070340502806,0.8343007600305459,1.0,-0.8017565665512135,1.0,-1.3094784869573841
1.0,0.8884127396924351,-0.4564586644276609,1.0,-0.0345049364183726,-0.9238755195498703,4.624324345988732
-0.22249189424334292,-0.8930682117476126,-0.20279118847270006,0.03501078219887577,-0.34316436857476607,-0.12848140735013613,-0.44612767308858836
1.0,0.4848563507874808,0.8763866191503549,0.8061176266203061,0.8642497114072868,0.3843043318455439,-4.569260021133147
-1.0,-0.16520867213940563,0.5864277065749802,-0.6066462332262093,-1.0,-0.09016295930318874,-1.896592286879989
-1.0,-0.43236390615919107,-1.0,-0.0633275674610927,-0.6460695712713753,0.4967513749494068,-1.4520593690308816
-0.2650672452013071,-1.0,-0.808960982536965,-1.0,-0.4737306743362486,0.8659774430934332,0.12367968197233184
0.4452565971046476,1.0,1.0,0.9424837585283126,-0.8773367141460748,-1.0,3.7494728856925503
-1.0,-1.0,-1.0,-1.0,-0.13675134902738184,0.33913585039565297,-6.854178067255198
0.41050790068086174,-1.0,0.6058520982134811,-0.2424232627617321,-1.0,0.017708548063374074,4.279170519933253
-0.40214270852529677,-0.6752376027815892,0.2941896367520176,0.013435119325173994,-0.7542624690050033,-0.19514699857623352,-0.5544336203848707
0.32707583630940684,0.36458037229534224,-0.6112427420937661,-1.0,0.0350950001798882,0.3359353073418663,-0.08334675554986959
0.23223902956661857,1.0,0.7087723383282443,-1.0,1.0,0.38555857695490914,0.44590297153790853
1.0,0.6909080236569551,1.0,1.0,0.23453135517198231,1.0,-5.435948016933253
0.24196081830983707,-0.2487989912519779,-0.1918860403270991,-0.7422603123785334,1.0,0.2877521994492559,0.7239155067746795
0.1996738543026736,0.021161028294669926,1.0,0.2173746359593801,1.0,0.4625197645611556,-1.8618307020941542
0.22887396367792012,-0.6326493953261844,-1.0,0.20492517157015738,-0.3452391668786161,-1.0,3.318442592081502
0.8647101801010627,0.3276534734163733,0.7480093841192819,0.4297983824712197,0.7197852472722981,0.34656666751483356,-2.890409990655338
1.0,-0.537848747728392,-0.1029188350960587,0.9352890880105714,0.7854620954772004,1.0,1.5495294448363233
-1.0,1.0,-0.8880301279906473,-0.8721553586777282,-1.0,0.6516983545420166,6.305009959124433
1.0,0.14326097310460773,0.8415121461973205,0.8292649743949139,0.9642766604267676,-1.0,-1.8892236394248012
1.0,1.0,1.0,0.9210184104555093,-0.045978385097839025,-0.855973357824853,2.018290524465061
0.508349432576342,-0.8561679579221879,0.8039625845002641,-1.0,-1.0,-0.6748641864624425,10.1995382325431
-0.5243355605993036,-1.0,-1.0,-0.6916281053223612,0.1980483639419146,0.0082907094122385,-4.410913405649774
0.7509655090120484,0.9415756416157439,1.0,0.35041157165381154,-1.0,-0.756161264707778,2.1554145665697297
0.6333066898097122,-0.35684671257586387,-0.498377335975158,-0.2973086909123473,0.14428545005521065,0.3439574322970024,-0.02217616461070185
0.32045920864091726,0.26604140654633435,1.0,0.15832084083934794,0.8378727168905176,0.6761623020871497,-2.9221461768004304
0.6217471724672681,0.7061439282372907,-1.0,-0.8789082982924707,0.845036501911308,0.5246519975834605,2.835021185093358
-1.0,-0.21550099663786026,-1.0,-1.0,-0.2111900305134492,-0.9093321686619386,2.9389640081443957
-0.0639781581072359,-0.6126000122778902,0.13535555125511034,-0.036344436551146386,0.5553502855757082,0.09775943174403301,0.36508082784894536
1.0,0.1368337885065416,0.015585167429619698,-1.0,0.22143486277518049,1.0,2.1812216573734937
-1.0,-1.0,-0.03655922090122521,-0.5378254802533566,0.23344780500424434,0.927151547024198,-0.4909840514075149
0.7918003484205123,-0.04911227440246402,0.25472796011237975,0.30787203743594815,0.7093455338292269,1.0,1.1226155859740101
-0.031437841069321626,0.8332973111527724,0.8027348585665752,0.37109527318261226,-0.6553247675475209,0.011946591656324945,-1.6551135575672815
-0.8571572049268962,-0.9151403311792459,-0.6389151417480269,0.3089871604341049,0.5436621163305988,-0.7238655212521881,1.9368498706705197
0.09560371057160844,1.0,1.0,0.6468862638193442,-0.8582093990255651,-0.9096855259692352,0.23124723376015827
0.6079496201183459,0.45853102967755044,0.36149054772192446,-0.046028363295318175,-0.41655944498673,0.7083485730615254,1.5481947702595806
-0.3036461051228696,-1.0,-0.37227802011163563,-0.49483280094304904,0.38999380960191665,1.0,0.37121986375132027
-1.0,-0.935199966041129,-0.22133758043190288,-1.0,0.255240751195452,-0.3691288908042584,0.8350424252102202
-0.5934581939994166,0.1568560939264761,0.8297352000344451,-0.12361021397053816,-0.02950894620978639,-1.0,3.05758090865125
-0.7847490389622418,-0.3304213532682265,-0.9289365226227957,-1.0,1.0,1.0,7.211438901799436
0.5732945862207335,0.31640141435127833,0.4275359493251643,0.38027064972014135,1.0,-0.7324966343209662,0.08806371285035997
1.0,0.4792838261913317,1.0,1.0,-1.0,-0.9519323171352028,9.10086343062767
0.18077230621890383,-0.06358435579167576,-0.41518772623452393,-0.2927264470643294,1.0,0.06673634878890766,0.15111373005780582
-0.3265763642841025,-0.3003998108165762,-0.08638383837376984,0.06614537706818166,-0.4460456783714648,1.0,2.536260090329445
0.26134628553234096,0.4458466521646558,0.14619376564295394,1.0,0.9689479107020447,1.0,4.255326938165635
-1.0,-1.0,-0.34397426593008573,0.41740514220020314,0.6934658911774604,1.0,3.9164582840608038
-0.8836529793454889,-0.1077446920987144,-0.9928196912871572,-0.8853011127237103,0.0634503312110889,-1.0,4.305657141931961
0.9156888581687397,1.0,1.0,0.45801802035041117,0.7587523443253337,1.0,-6.307184875174175
-1.0,-0.7759199098487486,-0.17320637373503978,0.7557280271739366,1.0,1.0,5.494430863356786
-0.26501871013906797,-0.4489373177361,-1.0,-0.35618361018544964,0.6778938859852421,1.0,6.997675154746354
0.4737319005226768,-0.13503710877157468,-0.8741566787663297,-0.025006152920265645,-0.5781617158059236,-0.27644143649558783,0.23126687987471056
-0.4493008855937908,-1.0,-1.0,-0.007789424513349574,1.0,0.6224217738595681,-1.849498314187091
0.33742653022130475,-0.3949589311137448,0.35107255597789133,-1.0,1.0,-0.6765316176186467,3.06046331295836
-0.9581135992692107,-0.05079841526977513,-0.43825648287352326,-1.0,-1.0,-0.3244358523844435,-0.5032464592328354
-0.976896594850222,-1.0,-0.26655498488204676,-0.02537211410381368,-0.9252584974219227,-1.0,1.1670531984513604
-0.047341314144182564,-0.8087913966803815,0.45221653610695667,-0.376100843152564,0.9694580027447905,0.8087780518099019,-0.2574076609067597
-0.4084092504413046,-1.0,-1.0,-0.5992114424451647,0.8555457908950975,0.09867550414698992,-3.4416945044449294
-0.4463496318056128,0.8326279110324444,0.6662464401792678,0.8243327511622007,1.0,0.5932903716795808,-1.5346702325732502
-0.3615412797330976,-0.3337833357181843,-0.9875790257645003,0.4386067044866471,-1.0,0.38015063968981494,0.08180841394423866
-1.0,-0.621603187103523,-1.0,-1.0,-0.018373650157494703,-1.0,4.4945981018956855
-0.7059994758824177,-0.4257783331329066,0.6057535265344748,-0.4845202590658088,-0.07302523185016652,-0.6682803062274918,2.290098644078304
0.712107405962845,0.952129321603701,0.5393928399953036,0.8185614543557833,1.0,1.0,-1.2739723959078797
1.0,0.17923921930101783,1.0,0.2351822845153521,-1.0,-0.5385497165446261,6.37580754724777
1.0,1.0,-0.14502262407918698,0.21053943752302917,0.6339472648910562,0.12110174119797268,-1.664086185061176
0.1060919720004454,-0.32616523590184743,-1.0,-0.5408938860388417,-0.14164016150235037,-0.3221241215352354,-0.09453106562567126
1.0,-0.4715736998502533,-0.7383277503021184,1.0,-0.027301884562394144,0.35984633552351375,0.23063811800814438
0.7148874507964484,1.0,1.0,1.0,-1.0,0.9023445868679849,-0.15365146188713602
-0.07351200038704142,1.0,0.27198837143355414,-0.15455039285381578,-0.765436244061689,-1.0,-0.23641049708226564
-0.7326365893298167,0.22014226588586117,0.8810563615624493,-0.041902468242613566,0.20464901641381694,-1.0,3.49910260175691
1.0,1.0,-0.01777096159682212,1.0,-0.4501965506663045,0.04198951957629615,4.202592873294571
-1.0,-1.0,-0.5706342192630474,-0.3716100711718236,-0.7813485261638671,-0.06789706763611969,-2.075882210464033
-0.3312747612414274,-1.0,0.19308858535407436,0.06917216138210242,0.03972590652705987,1.0,0.6017346859705972
-1.0,-0.4344764590999931,-0.7482784465958146,-0.12332259422557595,-0.10073766307883858,-1.0,2.952333188985114
0.27739192622213793,1.0,-1.0,0.2007862883786936,-1.0,-0.4820235248560743,2.2052980112807226
1.0,0.775414887582813,0.3945845464420036,1.0,-0.4987641740165014,-0.5281000960745827,4.892938794186493
0.4019031466243115,0.5616681769985392,0.01948400795932781,0.48766623263100234,-0.5140335649125518,-0.003612458904930671,0.8025190178072851
0.7241671063831268,0.23380291066768866,-1.0,-0.2558667426695335,-2.4408687044785715e-05,-0.43377125023203933,0.07346338668780944
-0.0007672253176350674,0.8656001029441558,1.0,0.8461700037287689,-0.1498704581051804,-1.0,-0.23744680601602397
1.0,-0.9470604282330559,-0.25061660278965714,0.08881438234027006,0.6288460638607272,0.1128836621862831,-2.762517467816002
0.3146641183126096,1.0,0.18721583979802525,-0.5646187151302102,-0.9330018847787069,0.20714096582915864,2.834854564878538
-1.0,-1.0,-1.0,-0.4481458317346718,0.47043416323464604,-0.4979850040972836,-2.387978763101861
-0.21094446840950873,-1.0,-0.6698831206094958,-0.1652344436293034,-0.8913939691475476,-1.0,1.4349777212609867
-0.7504516643268182,-0.9454457653024878,0.595868906282798,0.5497946328971819,-1.0,-1.0,0.9479015098747511
-0.30471809660001864,-0.49354131514313704,0.652184565779685,0.23312505300697312,-0.7296577495045395,-1.0,2.165134843704734
-0.2772306982081183,-1.0,-0.44213838706096675,-0.9619459358745683,1.0,0.3019208953730912,-1.0437450668287087
-1.0,-0.10006908908246981,-0.2050602491790865,-0.4324400559035855,0.7832627950269307,-0.4665941127464712,3.7138510132106712
-0.15643419859400448,1.0,-0.5139189969249115,1.0,-0.10238608538598215,-0.2839197140471343,0.2561772440343433
0.6196393137198672,0.22403009499014814,-0.12591525229292921,1.0,-0.0097157178876833,-1.0,3.9664775215008525
1.0,1.0,1.0,0.3574934506343421,-0.07093471423059727,-0.7339244302654023,-0.29689216089802467
0.4709346420724027,-1.0,0.16386998927029467,-0.7281972567723305,-0.23557918069556294,-0.7754219068761503,5.541088089400651
-0.9716969523194174,-1.0,0.54899911982806,-0.10759901802563149,-1.0,0.451360609679227,-3.033059591193884
0.5162339251284137,-0.1045814247239763,0.3076982453556938,-0.9486330549703381,-1.0,-0.19347038487910595,3.237081164845928
1.0,0.804905303948378,0.3716622443236147,0.4776937633764083,0.6881604190394998,-0.6537569544475268,0.08009902440585298
-0.8466742318318509,0.23728735619298208,0.4615922301481428,-0.13092473700808976,-1.0,-0.8215009121370975,-2.1488555000034744
-0.6839516941644617,-0.39500240520307073,-0.4386323276630225,-0.7311960631068174,0.7550564265678941,0.3067556758633925,2.1821449636680175
-1.0,-0.3663057891478867,1.0,-1.0,0.010264787182549973,0.2672857902747545,-2.766410764985497
1.0,0.042194451376286635,-0.3616421481040207,1.0,0.5663379752400266,-0.7299755859397642,-1.0456775321862952
1.0,1.0,0.9684575658209047,-0.009010275447211724,0.48337056233928427,0.14910224283110024,-4.403359099196743
-0.18807171376183446,0.13713645456734735,0.0590834600731904,-0.7147953303455032,1.0,0.38431088882083086,2.5145536836351265
0.6127663160471676,-0.16696345419889402,0.9927509018207364,0.30952266333552114,0.38501307065416146,-0.1380696966990782,-0.535364184214817
0.7665882638234222,0.6969340628254483,-0.6658444729918795,1.0,0.4380043012395406,0.9386227334511372,1.1224074547710972
-1.0,-1.0,-1.0,-0.622946450314023,-0.8288147051821346,-0.8080750999485424,-0.5085730966444203
0.962735398572608,0.24759915850010827,0.8451017290865115,-0.4841351657345056,0.4379808170161349,-0.33831454268605604,-1.224078506615025
-1.0,-0.6118067852684588,-1.0,-0.7907020245022571,-0.9270972031092324,-0.41489815132265917,-1.5781363016205714
0.05764031810792747,1.0,0.9772970650191215,-0.2376784041392721,-0.4246947090566577,0.8672509939555111,-1.4693571516006516
0.8944471226824543,-0.7478103062526648,-0.09284075040295181,-1.0,-1.0,0.18658696441852532,5.986016791745402
-0.5322299902872278,0.24024935805151687,-0.11454099408208292,0.7298805345490119,1.0,1.0,6.663504910426955
-0.7102791800056483,0.09615893413016185,0.013025428947223416,-1.0,-0.5646939739234001,-1.0,0.9345097788565907
0.27056429009974803,1.0,1.0,1.0,1.0,0.6681797031024894,-7.841282029780732
-0.04241752946749866,0.9088490671092331,1.0,0.8362885789023694,1.0,0.08132208749851061,-4.672666947941034
-0.009858600423499397,0.2068195363171983,-0.19436347368376422,0.17551245750444044,-1.0,-0.027741592185700936,-0.6055612501991118
-1.0,-0.5573027951954646,-0.223810677548397,-1.0,-0.27614146031671183,-1.0,4.165904455710064
-1.0,-1.0,-0.7111434803894738,-0.20682220489942826,1.0,0.9666071995211947,3.1167616431057623
-0.054666465282848464,-0.3783522171574212,-0.7220574113384488,-0.5117282163160228,-1.0,-0.7391638525260387,0.6093373213344385
-1.0,-0.7534151293095688,-0.9444716241418198,-1.0,0.06414607088803181,0.2513534033266282,-4.562786979417523
0.803472084478454,1.0,0.9282446175227133,0.6693957438977438,-1.0,0.2074033291650731,0.974097187984225
0.408247906368165,0.3995702256921597,-0.9637385112646362,-0.15720946299187935,-0.6107259282312536,-0.13236988745737432,0.2129824228297313
0.46554299061408916,0.0645959762280599,1.0,0.24264456516951394,1.0,1.0,-3.6113825525185383
-1.0,0.26940866005018405,-1.0,-0.11267823983417224,1.0,1.0,10.455381098630678
0.28847040425878356,0.01326740936131654,1.0,1.0,-0.8375600240104041,0.043415392460761315,-0.06054111978592336
0.06239146116534611,-1.0,-1.0,0.22169837689381733,-1.0,-1.0,0.7679172805960846
-1.0,-0.2062127476389355,-0.6670628283159838,-0.7358251394636939,-0.0788498322124096,-0.08218057379398289,-0.6250143410803881
-0.11420300945462714,-0.2853217295972176,-0.017366761157313615,0.9784399473517659,0.0813596083784342,1.0,4.016955129226705
-0.018217065546621503,-0.5348796929270214,-0.1592409405620081,-1.0,-0.4332719689237341,-0.05211782769191714,0.8863006028473785
-0.7654637972161364,-0.2222081827956499,-0.054824857586376674,0.39481953365022665,0.3476877598595973,0.14060872283910586,-0.2256915547121976
0.8933091002155533,1.0,0.6557889672120316,0.14107394888212643,-0.45854757265896384,-1.0,3.112626356429396
-0.7629084846627909,-0.867035968672943,-0.5392674286096073,-0.8708796805385342,-0.07953971554459977,0.2315061166372825,-3.5276722219565166
0.10199269185195592,0.25067371616011164,0.5475987416933027,0.6880609520765395,0.7239338469983643,0.03339467258812201,-0.8996579371795141
-1.0,-1.0,-0.8517558683248583,-0.9198039267850653,0.6180012937914956,0.5389702676955357,-5.002246127868813
-0.40199405868309535,-0.48769741826893376,-0.6852644970568913,-0.3023885856740889,-0.5604376356981242,-0.5183478533804061,-0.8769033374939477
-0.39886128489877576,0.5530924290126233,0.4732701788800602,-0.4247307731881913,1.0,0.11799026422521164,1.3172067979545303
-0.8743530369017092,-0.6197826222451095,-1.0,-0.6605020419730949,-1.0,0.9498480452112965,3.250240674413023
-1.0,-0.36298058232162567,-1.0,-1.0,0.5418149096295422,-0.667602490208594,0.7704862378506807
-0.7318956441216118,-0.6517896793671645,0.4065055688533881,-0.9883658214419936,1.0,-1.0,8.133451434225027
0.29998889736414935,0.5077350491541897,1.0,1.0,-1.0,0.13468958891914506,-0.7271390223057106
0.47778141805022956,0.05151088072993215,-0.68423057777294,1.0,-0.2565818777213458,-1.0,2.2557389591372137
-0.42817252954670026,0.6903970874037388,-0.6357844926811741,0.03327655884769043,0.9393080113061448,0.5532433623066236,3.9692543483291467
1.0,-0.09321096693550057,0.3488991522236752,0.8138294938700459,1.0,0.5145569434858966,-2.769441722207093
1.0,0.14468282994657544,0.3788307393752286,0.7651179936245132,0.7623684064987656,1.0,0.7689548058491447
0.10627756087248598,0.9741615440053567,1.0,0.40329193977774724,1.0,0.9409987262708779,-2.7133049997542047
-0.3303360329112113,-0.28799099208995593,0.32491906211230615,-1.0,0.21173922617836205,0.759350855906697,0.5354692960910369
-0.4759219913875371,0.17956427852660262,-0.34976699901051467,1.0,0.4016560940034305,0.07836712769798312,0.41997691171394774
0.621408365189774,-0.018449336622803514,1.0,0.2678114505185576,0.11338739094681444,-0.21524156370789116,1.14787072969097
1.0,-0.6450869536948772,0.9533358595611156,0.5170267305251728,-0.7579670004441438,1.0,4.032945400739002
-0.08868914822596186,-0.9034466523181923,-0.04801076820480754,-0.6792349327699525,-0.9417001474841229,-0.36343277622404,2.1889591738943013
1.0,-1.0,0.5856229579451326,-1.0,0.05362513329982721,1.0,1.1378941090253742
0.8877878029807469,1.0,0.3831920962363783,0.9823282032887405,-1.0,-1.0,10.512823796867911
1.0,0.7245457155091575,0.8390929895721986,0.44659286041832735,-0.45770013586450886,-0.1767489021484983,2.356521376111733
1.0,1.0,0.5121312990859539,0.34766544330094773,-0.4920087894132422,0.10766488589727141,0.767837413447386
1.0,1.0,0.06740271920489738,0.21864640079292919,0.3719481453629793,-1.0,2.8855737780862913
0.3232249121718613,0.5985636055372419,0.6860963322838729,0.6068967536376849,0.14541499510646655,0.11755820443743792,-1.6544314219611476
-0.09756220786266367,-0.003257984551255144,-0.2632312158217688,-0.32882960531059735,-0.15680530714214946,-0.35791234264346383,0.24229620577532218
1.0,0.5938849540942379,-0.611538408152196,-0.2536367836005471,-0.40190824040544304,-0.2407995474410547,1.2682343482675953
-0.4947189013733379,0.4505217259523402,0.24067324574618,0.18782554327755108,0.14028916074875047,-0.5299064038586119,0.9845755643313887
0.5382673394956723,1.0,0.3309318508379384,0.00949977030530852,-1.0,-0.04736482514574458,1.3866957805312443
0.08718002211584241,0.9101865059825454,1.0,0.15655866408405217,0.10657337564382585,-1.0,0.39248924475839314
0.07945636593761474,1.0,1.0,0.7156889215332638,-0.19492996063330026,1.0,-4.4130525138057015
-1.0,-1.0,-0.07112165324069908,0.39961048495141904,-0.050380306751904746,-1.0,3.6051236282255816
1.0,1.0,0.2254116788069278,1.0,0.09007695573394903,-0.6801621637732529,3.216381866848603
0.5818157062826462,0.04245075959201883,-0.4371569489759549,1.0,-0.8403934236535642,-1.0,5.450634293986572
0.7450307006532391,0.46869812289430635,0.4469208217540812,0.5000309313902498,-0.36157543361024413,-0.8263304840429082,4.0764817404760345
-0.013418968815012255,0.20979598879975975,-0.7767328349066398,-0.5923801828016785,-0.10388578238599322,0.15645598157310836,-0.5541702265758738
-1.0,-0.2577281046990112,-0.7293743891035862,-0.00532403892428146,-0.8881477002581281,-0.1296862085474929,-2.6309284160428392
-0.46114827852786944,0.4693290910309429,0.873657558845649,-0.9012583314988427,0.10156456429729954,-1.0,0.039963454222799843
0.2959649738506701,-0.7165540549451643,-1.0,0.08629033758049504,1.0,0.06499372285781013,-2.7433899755576814
-0.5800395905825322,-0.49947417888730383,-0.0264275740563944,-0.17246512178572027,0.6030251905555272,0.2944040802932537,0.8913953688788853
1.0,0.67196247759361,0.25812776551210254,-0.5957705453258424,0.08828271628563966,1.0,3.2706696684551813
-0.1533961824376905,0.9253678526345717,-1.0,1.0,1.0,1.0,7.555207477663078
1.0,0.7445508678444615,0.3092031520800883,0.3427380413510954,0.4695806181159369,-0.004617399917549817,-2.8123923384550613
-1.0,-0.7761286412087148,-0.9452071486568949,0.6079799480635154,0.9143379554846939,-0.3981257477495982,-1.6184519402397497
1.0,1.0,1.0,1.0,-0.2421349516075001,-0.04110621045079889,-0.7987375117414757
0.32774089414389485,1.0,0.9977986278380984,1.0,1.0,0.002018528163451938,-6.570817224493575
-0.5008406279266351,-1.0,-0.9248359133511028,-1.0,-1.0,-0.5303383125194528,3.0259940364735534
0.6809903804195077,-0.487255600008623,-0.4814071604343395,-1.0,-1.0,0.8490338548238306,8.08066555328236
-0.9404750915678477,-0.42840741111380387,0.7642808180131271,-1.0,0.08224133425545349,-0.7674846620502906,2.5620039583572787
-1.0,-0.1281590523415247,-0.4653366470656962,-0.11117329840761947,-1.0,-0.1629190419895623,-2.733293724363575
1.0,-0.025272426870296294,1.0,0.6000025252568433,-0.09281089534825981,-0.84847036757649,3.570191926257521
-1.0,-0.18591889497606706,-0.37489680842969997,-0.3854381729340116,0.9169210420995904,0.6710723496108681,2.5036971569576325
1.0,1.0,1.0,1.0,0.07339050919575285,1.0,-5.736044544156159
0.468444857649036,0.8997406560982237,0.6585028742805863,0.20718456524159745,-1.0,-0.7823798542578017,1.5888324905898341
-0.5212088015476797,0.5311340103541136,0.7707083701681406,0.8029889723789938,-1.0,-1.0,0.5623290891539645
-0.2838339321583049,-0.9033217757840601,0.23680600173290486,-0.1660256394145163,-1.0,-1.0,3.4219726008037195
1.0,0.8374206579162895,-0.5754330813598818,0.1367386835454648,0.006896225968750988,0.5029824633881205,2.574403560857751
1.0,1.0,1.0,0.8033730136601311,1.0,1.0,-9.312914432954994
1.0,0.006276549102215867,1.0,1.0,0.5901201282102708,0.19940637235287473,-3.6250810065791814
0.4288793812640439,-1.0,-1.0,-0.7944731055920102,1.0,0.9701565723409087,-3.5651831668047578
-0.41119324662819023,-0.6825211295942907,-1.0,-0.9629752490926875,1.0,-0.6126260847482788,0.7639242792920835
-0.3926886454815245,0.3208110773928968,-0.01904811584624,-0.1821050404290786,-1.0,-1.0,-0.9270010795218205
-0.6427558648098404,-0.7481477249073127,-0.37197063000363445,-1.0,-0.06707813543534824,-1.0,3.7067689182514867
1.0,1.0,-0.08202618358084446,0.6728403097140072,-0.4377909150100172,-1.0,6.917449382079694
0.23501448132258318,-0.80348026295688,0.001871173633383294,-0.6273191472396813,-0.08229467892737996,0.29586909522657623,-0.6230580346306738
-0.4151850238967595,-1.0,0.052117425415357785,-1.0,0.39699629565644956,-0.14005570263934586,-0.45122048850516666
-1.0,0.8168331880643384,-0.7983664340056029,-0.5939728776415742,0.4447543477225933,0.38719410976627944,3.0803598215636367
-1.0,-1.0,-1.0,0.5347181792070589,0.962017848957393,1.0,4.235434289552535
-0.3997918526069413,-0.9219600597567572,-0.4211167607123933,-0.9774954745478208,-0.6679045506984344,-1.0,4.632065436971631
-0.6214702877364768,0.75270553533954,-0.33006205892421264,-0.48818506210701673,-1.0,-0.41319635563428414,-1.0277387819244594
-0.39490333351274387,0.5618191422224198,0.5823165630370113,0.412064895855686,0.5448749182751078,-1.0,2.021576906197844
-1.0,-0.2162066643722771,0.5057845806074155,-1.0,-0.9716250786004021,0.05670036997963018,0.07409385905634824
1.0,1.0,1.0,1.0,0.03848779746224615,-0.43480592466597145,-0.9391343112110766
-0.13504075857468112,-1.0,-1.0,-0.6613919179337165,-0.9158760575419236,-0.7067311162769958,1.4142180043006536
-0.006033225714345114,0.5655353693014717,-1.0,-0.07008616491644681,-1.0,-0.6482480485332045,-0.20820598445350758
-0.26427597507431844,-0.1502285926377933,-0.9636695483073718,-0.5858216120348592,0.5781883113714265,-1.0,3.5731566902890233
0.017569057512459185,-0.8997694899534927,0.38057363963518365,1.0,-0.7167732561196508,-0.5073904776069248,2.846604397084346
0.8740006139492069,0.5188136326436981,1.0,1.0,-0.29324401289048885,0.9843087969113061,-2.013333190187198
1.0,1.0,0.9917782602272449,1.0,-0.3341789291818732,1.0,-2.786037194874123
-1.0,-0.7341899068168585,1.0,0.16235286269402943,-1.0,-1.0,0.3703642497993619
-1.0,-0.5052511053073847,-1.0,0.7892201311656584,1.0,0.14043105520689614,-1.5425873036149456
-1.0,-0.029371249459726023,-1.0,0.29151937077275725,0.5122460035798685,0.585412041788127,1.9619707347062254
1.0,1.0,1.0,0.272079537675434,-0.33739970132495134,0.7403941305509284,-1.6162484996661957
-0.655673096798284,-0.17394295291794581,0.44205527016064594,-1.0,-1.0,-1.0,0.8104942608951651
0.443040027669819,1.0,1.0,0.2476827324179418,-1.0,0.6774202758029759,-2.138559470870992
1.0,-0.14148250403275386,0.6982339642945854,0.9397403059989966,-0.30744530418746907,0.2633482897812328,-0.939541943271027
0.9686099825793628,0.4496779904088557,1.0,0.3296215632371473,0.4461509464438904,-0.890772151777801,0.2263815123620124
1.0,1.0,-1.0,0.44313260685042677,-0.4578265404324637,0.35002046324225505,4.416042211155379
1.0,-0.01122275825399166,0.924401374369943,-0.581028370326925,1.0,0.14275478917264195,-4.223461213860854
-1.0,-0.3850972368389574,-1.0,-0.14925353361972615,-1.0,-0.3950323493694117,-2.877017336859405
1.0,1.0,1.0,1.0,0.17405044009315707,0.2604956069409854,-3.4931998375841387
0.3424680004068823,1.0,0.17777018037105996,1.0,-1.0,-1.0,8.594504831681883
0.8673783331196749,-0.24397822968383742,0.24398718321338064,-0.6160629606403013,-0.13787015750882253,-1.0,6.441368005883984
-1.0,0.37373486360899794,-1.0,-1.0,0.05684073298787862,0.40908370981820263,0.3325200128551081
1.0,0.8831834266782805,1.0,1.0,0.11215718151056175,-0.21497129364515835,-1.7651668857394154
-1.0,-0.4076576669742036,-0.5510385522545775,-0.08825161961507444,1.0,1.0,6.232507591082729
0.5097065961065301,-1.0,-0.9207742622624701,-1.0,-0.3561003251675069,0.1753432470737084,-0.04803466601252915
-1.0,-0.9061224197539326,0.01135659713086612,-1.0,1.0,0.6504130117456242,2.083237547796519
-1.0,-0.6716462327963372,-1.0,-0.11381786879382583,0.3440788250565399,0.21307155517980858,-1.483328962363911
-0.9023846229982248,0.05390376783806571,0.09375776826957878,-1.0,-0.24206868164481227,-0.2793778489491786,-1.1605014797845803
-0.19337651807833678,-0.29463530283839257,-0.25101161520870785,0.0518474248596911,1.0,-0.43836373473470125,0.249820886626414
0.18150494240204906,-0.08449174712631624,-0.9112098607966813,-0.54781314858218,0.8190153570373782,-0.22253004061501896,-1.6275257568755288
-1.0,0.03809043863616074,0.4586358839591482,-1.0,-1.0,-0.46099041495402227,-0.33102527997247977
-0.43810361958885835,-0.46279836946655384,0.7482287145708181,-0.13265510814004233,1.0,1.0,1.0645026404289337
-0.13852758239549334,0.3059556491308464,-0.6410981689195687,-1.0,0.16360837389462463,0.20367558516121276,-0.4325155072394359
-0.14571221618842345,0.47378128668772557,0.4041044839501132,0.13812350074645707,0.26944117630408365,-0.23838986341770768,0.12172797693927298
-0.11775928396402308,0.6493268459173065,-0.48431454190917805,0.20650493577684936,-0.5422911271180646,-1.0,1.659957621154859
-0.263087501603432,-0.42600105426967266,0.19370982897197686,-0.499356638084602,-0.6916140187974552,-0.42910773655520285,0.4787707493613391
-0.0692154087627268,-1.0,0.8115590395792228,-1.0,0.24164464643449415,0.7491170516101691,-1.985105941193435
-0.8590546000922443,-1.0,-1.0,-0.11521150977982608,0.40893978414687626,0.25791637221332553,-3.2973792909486273
0.17452871328236497,0.48303875897168336,-1.0,-1.0,1.0,1.0,8.532669167503997
-1.0,-0.6358765096418723,-0.831437502384883,0.24644567499097186,-1.0,0.6044942227624122,-1.8389736819779596
0.37876295200775023,-0.3959597514140825,1.0,0.040262589947512084,-0.6607578853904119,-0.11363721565996054,1.8249678199615738
0.3467852037679585,0.7023995812309869,1.0,0.7725016934576534,-0.821289586658665,-0.740211357618407,1.9483378661496933
0.9700224861004278,0.09998457137705152,0.2406187234022501,1.0,-1.0,-0.5624254283047974,5.324764225792826
0.2038304029191036,0.48032697648572487,0.9152062824597507,0.2743730770905848,-1.0,-0.7402645620097641,1.9064088562213908
-0.32162297308421617,0.27195977645843744,0.554039861420587,0.6340477275873735,0.39163965763835407,1.0,2.3572958352109397
-1.0,-0.8061241892617694,-0.9171194389337726,-0.09772473162794926,0.3144829431954861,0.9238450323899227,3.3256601471170737
0.11934099548742694,0.905345510880132,0.9754612573628334,1.0,-1.0,0.16075137099942693,-2.1711009190322987
0.8345193066017308,0.39144480958558037,0.04422042999519343,0.4261773618653363,-0.3023418065483633,0.6567820021820688,2.1163602517036777
-0.5278978991642598,-1.0,-1.0,-0.7322373670352453,-1.0,-0.9622397364940096,1.4950168244019246
-0.31946120934892863,0.6548198999607155,-0.6773039156181182,1.0,-1.0,-0.4561335578664787,0.697310966515344
0.4745041315947393,1.0,0.6154909173033352,0.47032616812834965,-0.2356732128764335,0.13092860157823594,-1.468547938683186
0.7203599208949749,1.0,0.4309947078369705,0.6355538366257507,-0.33151650421910794,-1.0,4.253230709805208
0.4772710318879667,0.8480847990947049,1.0,0.7324522226260246,-0.2814079170885656,1.0,-3.0234149693651036
-0.8837723064613259,0.10106368175032987,-0.21764447547528415,-0.281874178317029,0.34769300134450254,1.0,2.768485210927103
0.660432930475753,1.0,0.23310002129753593,0.11475022297221454,0.3669076028714324,0.3075615493169974,0.13024579503765588
-0.4982490749979491,-0.504204073673334,-0.8415952573429222,-1.0,-1.0,-1.0,3.805851051909211
1.0,0.8892816530966974,0.6144730886114874,0.438870727167212,1.0,-1.0,-1.4590062200795604
0.9047786750522933,0.3617720934449986,-0.29281023242451604,0.2520380602715839,1.0,-0.7693087411485574,-1.957459582008224
1.0,0.8310514850063526,0.8195495970217503,0.36708060157717903,0.919707267915171,-0.689018317227237,-2.707830965043048
1.0,1.0,0.171500852961998,-1.0,-0.13983409065251373,-0.5975789606587716,1.2212621846728997
0.8858211385377803,0.4034814687913508,0.09562031195092754,-0.3052053080874862,-0.5390865281494701,-1.0,4.467247287504548
1.0,-0.18620620605149696,-0.6634926712732601,1.0,-0.8884110338357586,0.15107900221514114,2.952191846115759
-0.9268329371361053,-1.0,-0.2915096918874147,-0.5332024445610739,0.6888735658356921,0.4538936052873078,0.7537054484498715
0.04419187974641403,1.0,0.7188141493550206,0.8120125453669168,-0.9324711138406667,-1.0,2.804835788955448
-0.37789557652477523,-0.6664067696324874,-0.24223264719999515,-0.33314026811434916,-0.022824212215493106,-0.5784361674259888,1.6570644096366434
-0.035470914330833936,1.0,-0.6135229147351619,-0.39566549258980993,-1.0,-0.6248841786390757,0.37370065935473
1.0,0.9736108250066094,-0.710756887794022,0.5668833517018866,0.4380970201046933,-0.3018616584772772,-0.02885413005010623
0.5277011318879035,1.0,0.5538113480384199,1.0,-0.409324965178099,0.10911021983783459,0.10079605908138527
0.5203372449318749,-0.4059854542203678,-0.26086979920718767,-0.18289672447603128,0.26574697082869014,0.39700746505369855,-0.13827904753371115
-0.5314788778374966,-0.3668014903834711,0.19346019252451074,0.08878018804324789,-0.2645468725586976,1.0,0.6187737861708397
-1.0,-0.031246823144785385,-1.0,-1.0,-0.9438714306590035,-0.6447556705942927,0.00974587572667096
-0.33765815137056565,-0.33909767875093644,-1.0,-0.8424819924293903,0.7571765740461575,-0.9354798577083938,3.0539598423083163
-0.2775064365780456,-0.6362281420187683,0.6235551674102977,-0.4445021230031743,-1.0,-0.5160633760453093,2.1676936147459984
1.0,0.19715826866286323,0.10749992824372967,1.0,1.0,0.1253470797889653,-3.3628989520754904
0.6850280271390607,0.2707918765721703,0.7047139047913842,1.0,-0.7244534402335281,-0.5415672293259147,3.2665813574762304
0.49753515192536124,1.0,0.9835779309783217,0.5914367028351364,-0.33656401049286644,-0.17719957188989777,-1.4411383815392285
-0.4296417905254562,-0.9708039302701826,0.9444070832355342,-1.0,-0.9865451990254392,-0.1602730551398791,6.020973307244001
-0.5037085590909139,-0.30439751200628384,-1.0,-0.16130442375905135,1.0,0.23595352298900088,-0.5264107776796931
-1.0,-1.0,-0.25764515516253994,-1.0,-0.07674207283442991,-1.0,4.332949065412635
0.06261285657934956,1.0,1.0,1.0,1.0,0.9945644969352313,-6.479496292210783
-1.0,0.10683493974041716,-1.0,-1.0,-0.13298772778153012,-0.06460136120696597,-3.603479995828885
-0.5557210762215666,1.0,0.5820803163082697,0.6384181330109806,1.0,0.47775506594029227,-1.0137765414511632
-1.0,-0.06377217725738848,0.8210352255684839,-1.0,1.0,1.0,0.6014384087868497
-1.0,-1.0,-1.0,-1.0,1.0,0.9076364007947267,-3.6126563416933752
-1.0,-0.48001895590562094,-0.5773185916362134,-1.0,0.4912837263600579,-0.5853099766378203,2.014008789700174
-0.9615482864254581,-0.6570387788627253,0.23445199730057595,-0.6492416762260365,-1.0,-0.31264970705914535,0.7953956404141778
0.21596423445536161,-0.8685338985375948,-0.2631116300514014,-0.341332988305721,-1.0,-0.9948710291952939,3.5782109138657097
-1.0,-1.0,-1.0,-0.9780372400360213,0.10949901324930367,-1.0,2.966551991819106
-1.0,-1.0,-0.03157440896122554,-1.0,0.7054679422825332,1.0,-1.2575096793894969
-0.019371551264630416,-0.92673701431228,-0.0749221366522369,-0.6511892970059749,-0.46295192516436157,0.16188476953940645,0.20349171599896354
-0.66083923693878,-0.1158057068476625,-0.4711344886582025,-1.0,-0.9391375758800687,-1.0,0.7972621442384644
0.45974434841022105,1.0,1.0,1.0,0.37353059321136883,0.635975212549853,-6.338516166278746
0.5656637848054245,0.0792913286921928,0.8509024339841357,0.802357410850089,1.0,0.48025461997840146,-3.8727468103448217
0.8176979547650263,-0.24081983346511537,-0.27095886182574613,0.6043462949355094,-0.5598834056836994,-1.0,6.1183336615456625
0.7139620324090472,-0.9985334560096732,-0.37774681771157925,-0.3317840072920084,0.9749820574073336,0.5950313287891458,-3.3369768647038045
-1.0,-0.9110786201457741,-0.1399906737244998,-1.0,0.020233188084016973,0.3193352470456188,-2.57245100097949
1.0,1.0,1.0,0.15776513614085474,1.0,1.0,-6.225893256758758
-0.46495614647499567,-0.21583309382660004,0.23180399242867322,0.35974893971463184,-0.27816087433228903,-0.16037274118050637,0.06112586081222071
1.0,1.0,0.9475578095882715,1.0,0.5266664063731942,0.16842328987258337,-5.740789197318874
0.9604623160893194,0.7810587344667224,-0.16585619944158803,1.0,0.5866565731115319,1.0,0.6352912076338959
-0.7945320349069089,0.46572576384563363,-0.5681557182544426,1.0,0.9918944138681451,0.09160150451538003,2.108677968098636
-0.5223360954158945,-0.2125440649151087,-0.30455199483382844,-0.2589411169860452,-1.0,-0.5255151284383065,-1.2548793287421518
0.4293076333712073,0.5887646763632906,0.017978500146563547,0.7782169904030607,-0.16642156716541678,-0.23134458308542616,0.6201897920013596
-0.8556203249060894,-0.2705721982623942,-0.607087510505619,0.05865435277040979,0.6468091952552752,1.0,5.693324925657245
-0.6347013844681912,-0.5405171640375195,0.6770858060608591,0.9457352162587962,0.3780720422916021,1.0,0.6627265206949393
0.03342175499015149,-0.3430172454359086,0.16831937828998617,1.0,0.1844538704310812,-0.6736986298818698,0.5792388782352914
0.12018689168302549,-1.0,-0.3321752507047433,-0.3113918366287406,0.7975534850674842,0.4736089861863546,-0.6129670174887147
1.0,1.0,1.0,1.0,-0.27111228505345963,1.0,-3.228554381818024
0.04806881292408138,1.0,-0.03643697006419688,0.021900847260108214,-0.5107341149604778,0.39169624051324525,1.813003578539385
0.8701447411424038,0.19310912579792472,0.8553835436806599,0.05013166276487546,1.0,1.0,-3.783570293789538
0.29817863580912357,-0.08036161239741246,-0.8177614877416951,-0.8275622722609963,0.49349510616432696,0.548086230747278,0.3824547065838595
0.24397681868794033,-0.334624329895625,-0.4360706648493855,1.0,0.37744040592037553,1.0,4.3846640095471185
-1.0,-1.0,-1.0,0.07241711385222449,0.05416674885944284,1.0,2.21635161189322
1.0,1.0,0.030026838386610466,1.0,-0.9720090331084218,-0.9000595566321328,10.081608722014682
-0.41509500394846577,0.36526939486958837,1.0,0.7433968727802067,0.042032091543181105,-1.0,1.628314355253164
1.0,1.0,0.6706390948922951,0.9146099706169988,-0.8866700799397231,-0.7175398803195361,5.996604408104079
0.3403540265594006,-0.3761287058553638,0.6045232350184913,0.11214912310145941,0.6471224723595106,0.7976580316419186,-0.13189469125741504
0.888947887849528,1.0,1.0,0.3301909524357427,-0.99549927038162,-0.6378460450291954,1.971319379896841
-0.05576617980845777,-0.9704450644676128,1.0,-0.6318748388126886,-0.30929374843794766,-1.0,6.500759372510048
1.0,1.0,0.29161496014302196,1.0,-0.48204566256072034,1.0,4.86070969409441
1.0,0.9389613836695134,1.0,0.47143151311080833,0.9362357114448325,0.7545322068646667,-7.370594537949599
1.0,0.4529871252337631,-0.8513665505821952,0.6006873481542546,0.8310399445878238,0.6381897739915601,-1.5669529616624558
-0.5922021508134141,-0.37373496361036973,-0.41747036429802065,-0.4471093563175954,-0.506998123556484,-0.8554597198277997,2.448648813072612
0.5401946607700459,0.5201918476754022,0.3293676052376946,0.5678982121637548,0.15497199478823176,0.66428351951314,0.3191262044955686
-0.5507874836680524,0.2857517812180523,-1.0,-0.47126780398751045,-0.7251063635447974,-0.45027427555481214,-0.8436742623150767
0.6047005703213483,0.1900636218950975,1.0,1.0,-0.43152994300232983,-0.9021370412055689,2.849586130293259
0.9201762922960373,1.0,-0.2707968062223136,1.0,-1.0,-0.48163637769131773,7.225248483371973
1.0,1.0,1.0,1.0,0.7001478602187134,-0.4975851865073653,-5.440669193621799
0.46439279960895546,-0.8848882308682317,-0.5305947616238151,-0.07764496861771786,-0.7813723939564603,-0.8499416503347509,3.225469731617597
0.5794391703177151,-0.5408040986273761,0.29592884887946846,-1.0,-0.2044865397367951,-0.31519321839139636,2.1641879155198103
-0.783694342713269,-0.5312445392612934,0.5529209325032629,-0.09366777054427489,-1.0,0.3182979106525957,-2.5615389277668696
0.23521028418122292,-0.3640320260569634,1.0,-0.26254959045631765,0.5628656310391302,0.1983126121941204,-0.10058374122475033
-0.31356485347629637,-1.0,-1.0,-0.598996480705062,-0.1480406948501165,-0.6185519469165353,-1.4260299892584873
-0.01776074044026576,1.0,-0.24575256827844258,1.0,-1.0,-1.0,5.7962372756484974
-1.0,-1.0,0.024940152874319277,1.0,0.05595434399448118,1.0,0.7543297105501412
1.0,0.6849978962351277,-0.21025003610059123,0.9141713416234385,0.7516823529380487,-0.16982980428506428,-1.152211212983856
-0.3958975636583004,-1.0,-1.0,-0.4066579339060933,0.6713568498063,0.09131188672164214,-3.6027080827323577
0.5318208582125197,1.0,0.3440848804435681,0.8273976899198994,-1.0,-1.0,6.35031016753231
0.9539158752717187,0.7834066056884295,0.795383511888834,0.8313447720909382,0.29952090351511695,0.29655488271758124,-2.6884642174128714
-0.3711435438367203,-0.38997914481902773,-0.06945342235220367,-1.0,-0.2691840512426899,-1.0,3.885403541563335
0.15827631587768815,-0.10985129637052135,1.0,0.3612365856606351,-0.15942891913553042,-0.9746478929465514,2.945958452946022
0.04636844174699126,-0.38714765626029213,1.0,0.06419723229566768,-1.0,-0.7313369087058722,0.678145540940589
0.3174556534243068,-0.19091079831443367,-0.4254488395709307,0.20960166696521076,-1.0,-1.0,2.5023799013226813
1.0,-1.0,0.5680221888082314,1.0,-1.0,-0.3527562614529845,10.697539806966605
0.08115815417838956,-0.4893082109991966,0.03881272268562852,0.799221866016104,0.1084039247455324,-0.3019744525051641,-0.13185407801773397
-0.21425805465951164,-0.6468510756491558,-0.9648441273273083,0.18883241215222799,0.2722468004835843,0.2659002207395539,0.511325214863112
0.22750998192013933,0.002436508151161393,0.8540357355652546,0.861277214723118,-0.40157054866410635,-0.7483228272399607,1.5714739431678983
0.5500459431229474,0.021594845597489254,0.9275436271274987,-0.9391905506508135,-0.3777821688195918,-0.5685484423929135,0.07547360259038438
1.0,0.4942074293587997,-0.2814404775781544,1.0,-0.0599451540251735,-1.0,4.56644187126744
-0.9304769351462195,-1.0,-0.9686471148977048,-0.6926479649786221,-0.09376430034439343,-0.35690562741502135,-3.5342307055242568
-0.7223927144295943,-1.0,1.0,0.4053412807041718,0.21839086954259135,1.0,0.5249151634592715
0.43410808678015633,-0.3417956133765803,0.07718648903352865,0.8427355829101426,0.4080215646102461,1.0,4.000274699912748
0.2659449616008951,1.0,0.8310114833477011,1.0,1.0,0.8395461550587509,-4.281791252911905
0.5120385340716916,0.8827542839756146,1.0,-0.17508981775436022,1.0,0.5550311741947733,-3.4680660402835457
-1.0,-0.48972878459464075,-1.0,-0.4729418516691275,-0.4916012690661703,0.2378939723014637,-2.1806172833750375
0.5763284733110325,-0.3635053730875174,-1.0,0.06803196141793356,-0.2606365595137114,-0.8870842122744467,2.468137449710818
-0.5469437746675105,-0.7361818226315364,-0.008476502282435572,-0.4538482842168454,0.5870447037243507,-0.890961571243623,4.855065946855975
0.3848857765577849,0.056916195410095294,0.6452442260746898,-0.1492456687035027,0.0995401035075256,1.0,1.5360638957105284
0.40235882577662735,0.6418112997430838,-0.09421625499744578,0.2935430750051331,0.05523241296412207,-0.4827339688177601,0.6016209533998473
-0.09335805996328665,0.011329109641270096,0.42703343176956626,0.6762248715534127,0.38390631154749577,-1.0,3.3761098654443833
-0.5843097597567767,-1.0,-1.0,0.5320680078455273,-0.22320373158633183,-1.0,0.5652777785466911
1.0,0.5003441289330995,-0.3770153721110043,-0.5804266435746638,0.4360492034363037,1.0,1.8915687459765524
-0.8462056865457721,-1.0,0.2968469077166789,-1.0,0.010372703378933867,0.31138664754302986,-2.122569249891346
-0.4669965569965526,0.06976938405692043,1.0,-0.25179484600110574,-1.0,-0.7163327359772542,-0.8161500479764829
-1.0,-1.0,0.24051574990055719,-0.47486607745754983,1.0,0.6536215476596011,3.5733357395364145
0.3572579840267616,1.0,0.01628818665424967,-0.8191329342754378,-0.09533621060191494,1.0,6.373643844804022
-1.0,-0.49716830887844354,-0.4680098009979421,-0.7654943105287673,0.8672104008067547,0.5498377119787262,1.4574554049054638
1.0,0.28533484039293533,-0.871476702526922,0.0003061054548864073,1.0,0.20200369929633355,-3.527205729792107
0.5400543479951646,0.5626465691685818,-0.5042404453010694,1.0,0.943299774783446,0.5612901355151106,-0.9800400947428451
-0.6046286995067117,-1.0,-1.0,0.1093270556666408,-0.30967780674165835,-0.6980086885831793,-1.143526183300192
0.2668106403054542,-0.6629705033950919,1.0,0.6544761302869755,-0.42195212025028883,-1.0,3.7217010864002855
-1.0,-0.9092625019579066,-0.7253110361176835,-1.0,-0.17434717080732556,-0.662294551146871,0.40497669725164664
1.0,1.0,1.0,0.6854602751696408,-0.16714269994956088,0.7278880791722779,-2.6489798576095707
0.40132842892352605,-0.21260574658135734,-1.0,0.09147150766310697,0.25552384090942903,-0.10944537610591967,-0.01448896902360508
0.9684337333896035,1.0,1.0,0.01983475397742218,-1.0,-1.0,2.18345695077136
-0.4755456569291357,-0.9967062123090533,-0.31231194482612834,0.19932244903342916,0.26270627596195845,0.30518210646318783,-0.919592256716074
-0.34914139374416053,-0.771822336619401,-0.002834027152282134,-0.28440197472793527,-0.08586909978796148,0.02906215019141295,-0.7291014166783176
0.9937731432101591,1.0,1.0,0.9817166987506933,0.8850043944446848,1.0,-9.330868246209217
-1.0,-0.7934007440853816,-1.0,-1.0,0.8804374430152543,0.8563412229406264,-0.691608595974194
-1.0,-0.647511338823209,-0.28180665576691283,-0.10565867531123363,-1.0,-0.31797093423746814,-1.8102490614618931
-1.0,-1.0,-0.5657241420935554,-0.6913154924018231,-0.0641117806238134,-0.594112567859932,-0.6298074367925139
0.7952317351383049,-1.0,0.9164882941357219,-0.7179816609431773,0.7468406241738248,0.175718474064041,-1.503305746962984
0.15362218998458022,-0.028764505938237234,1.0,-0.4198372522920688,0.19061721401084425,0.46606570172939976,-0.7489568105149408
0.9150163204683313,1.0,0.17839215431665656,1.0,1.0,-0.6570654501877988,-1.0000453379979433
0.6697732433607103,0.5550438136910605,-0.2982644285028039,-0.7991001280316137,0.2674242384003527,0.6777650016673424,1.5766679231194403
-0.0453431393585883,-0.4680734970390916,-0.5597999166857828,-0.5440251286363942,0.5566466573813551,1.0,3.4035836522863483
-1.0,0.30593281294757324,-1.0,-0.2515798018290356,0.4435651504850652,-0.46900808547716744,0.8997297476424413
-0.6061112578317374,1.0,0.8768905587087081,1.0,-0.3123425376466993,-0.5096858598858478,-2.0384579262719242
-1.0,-1.0,-1.0,-1.0,-0.734213004300951,-1.0,3.2778240135954744
-0.7296720790270249,0.1300123556446538,-0.2582165380529632,0.42587838651931464,0.8175189734325419,1.0,7.225698392591274
-1.0,0.5890363015688304,0.5794084723720668,-0.2303820588381924,1.0,-0.05846300547359434,2.1058511126001664
-0.09737093387694201,1.0,0.32403865956263145,-0.2218611984177231,-0.05447963045573201,0.1410582618205921,-0.9889855187063751
0.3888080850735434,0.4902710001633183,0.6012526438524932,0.6012163019903701,-0.1518290059105453,-0.1424956710762248,0.6950740008518027
-0.8720138323365951,-0.138299711010065,-0.3540075919322856,-1.0,0.37780853102400214,0.7321989118330037,1.4783085446311444
0.5579990501382267,-0.030055615942378766,-0.5556077629844163,0.6422176317299308,0.433160883529218,1.0,3.0073637476200767
0.49937896681320293,0.22712085071860777,1.0,0.520756548506244,1.0,0.1941784886255179,-3.7069132377490783
-1.0,-1.0,-0.6647176149343373,0.1626486251131376,-0.850194603913409,-0.19308306519210844,-3.5290592058681303
0.2884700135229954,-0.2852220185913655,-0.030992183095244208,-0.10203682118921195,-0.9504972791796695,-0.19259847925964357,-0.11626339425428323
0.9061990775679521,-0.33847013637193596,0.5265466166318815,1.0,-1.0,-0.7153765330085626,7.133306517655651
-0.1906859983894642,-0.7113084499883415,-1.0,-1.0,-0.3122107393061404,0.0024402756305031414,-3.133169796016216
0.49642478029373716,-0.9273577441002759,0.09357481027254227,-1.0,-0.7589819902905666,0.08201761898088267,5.6387322608117225
1.0,0.12861377051568273,1.0,1.0,0.39993751727436355,-0.3704648609550792,-1.2572584253808934
0.9863278307364931,0.4582609607760883,0.1547626789784779,0.9125752670317202,0.2876854170680625,0.8394704857800594,0.5987824884275407
-0.3539887555149599,-0.02631662950632041,-0.8756438760440339,-0.19038580912445352,0.6486977677766017,-0.2034916435732026,0.16596343411440528
-0.6262510960714234,-1.0,-0.7186813610452861,-0.2385320582244217,0.41634284612105055,0.22076716885704717,-1.4208708285732516
1.0,1.0,1.0,1.0,0.041703514903633776,1.0,-5.758396285078143
-0.9561503229700153,-0.6622595345897202,0.11499645355698962,0.021353219763867726,1.0,1.0,5.032348842662756
0.029983266942521347,-0.44712561833215375,-1.0,-0.9430046763492068,1.0,1.0,5.052679778153069
1.0,0.9278728655962908,-0.45409708414138306,1.0,-1.0,0.16847290075752414,5.802848448452943
0.6628760716004884,0.02629597136118389,-0.3530328650833743,0.7502676323788047,-0.4771687583465374,-1.0,4.814691669657603
-1.0,-0.8214790139482806,-0.19365905886208212,-0.11948076043550127,0.7908680607326921,1.0,4.364160734581424
-1.0,-1.0,-0.5450895177735702,-0.8481250481463296,0.44770840763236436,0.8151517241942343,-2.7001335935385313
0.4913729122971895,-0.32309256162145583,1.0,0.4626594823982757,-0.438314847583417,-0.07882573287383277,0.907949698797494
0.4370075612446651,0.9763220059049971,1.0,0.14865559902501113,0.05489900645932741,0.5014842324132026,-3.0005342649138864
-0.5120316132484035,-1.0,-0.16397854602649664,0.08944682424848685,0.7818771477021,1.0,2.7520578653254155
1.0,1.0,-1.0,-0.16595628920816685,-0.6757613602825241,-0.09077900190721261,4.449046455940412
0.7920912755121405,0.8633461797607362,0.561291293267641,1.0,1.0,1.0,-1.2309897489506336
-0.23048713877939536,-0.8529928113040579,0.19413861520745906,0.40236360106622343,-0.2651863703052544,-0.6954110538437999,1.2664681338739892
-0.5731208639104035,-1.0,-0.5509264371036326,0.4686416829334379,0.11300453803056865,0.4063916456620258,-0.7586269218681916
0.0892437997503866,-0.2528331263641573,0.4512313278606934,1.0,0.0035077341182044863,-0.8670664060470878,2.1849902483218657
1.0,1.0,1.0,1.0,0.541847772904329,0.668848453422467,-7.157509402373535
0.15021448489949352,1.0,1.0,-0.13435560013818654,-0.003959798626748903,0.19673915250813978,-3.0197079801433526
-0.0012644542940063452,1.0,0.5545687104305914,0.5591877226197188,0.6290636561126546,1.0,1.1143876477648669
0.1711500993226749,1.0,1.0,0.46279012017746635,1.0,1.0,-3.040999017235401
0.1552751980019929,0.4914745178666064,0.5703050215951943,0.41868541792287783,0.9246887141518332,-0.190726718480765,-0.2349334018441163
-1.0,1.0,0.7721936455855308,0.5108729257299071,0.3652548249984515,1.0,-2.8247923290780905
0.5827291560250121,-0.12561351848644256,-0.016348901092089863,0.2663475885376797,0.9718423131516043,1.0,2.1925069338423135
0.6916925733731443,0.5649785296858323,1.0,0.5330350731181468,-0.8304448868816138,-1.0,4.052296072318646
-0.8546644019888348,-1.0,-0.846467685145831,-1.0,-0.03781484063331411,1.0,-2.1696290877060562
-1.0,-0.8231403447216529,-0.6187057940995946,-0.1559028960314952,-0.08556820782284535,1.0,1.9128438462977537
0.4435939483473692,1.0,-0.22816109008042598,-0.016482048641778768,0.8170792139734255,1.0,5.91354047660826
-0.5345354996756839,-0.8982238762817487,-0.5201938247760418,-0.16484692072899754,0.8556104600313393,-0.17996410442363886,-0.399086047725005
1.0,0.9330965456070051,1.0,0.9879610852925449,-0.05384700087524824,0.8928661277406791,-4.467526396772635
0.21219619038364468,0.05522393531846581,0.4576633989217187,0.2144502598640905,-0.33115443233048636,0.2168135305288687,0.5349106641623927
0.8656804405950267,1.0,0.5685448683557357,0.6480677509393038,-1.0,0.6148477063657103,2.863379222226756
-0.44367140441373293,-1.0,0.02878774662042148,1.0,-0.4808666890898415,0.05533412812417687,-0.29550049137984635
0.07487859584697398,-1.0,0.16582037094254942,-0.8716873319127063,-0.15708376596381013,-0.3164213683696635,2.1880941438251043
-0.18027381827268174,-1.0,-0.9958889009540692,0.008738814927697472,-1.0,-1.0,0.3608076912188358
0.7281952853172007,1.0,1.0,1.0,-1.0,-0.17342591375995864,3.1012134704816465
-0.32318089257770755,-0.7120038117581885,0.8770368414331455,-1.0,-1.0,-0.10225149683021018,2.778737705500699
-1.0,-0.6339689144361942,-1.0,-0.7725722539458181,0.28497295511272935,0.16455466682805858,-2.781302535210556
-1.0,-0.43422234182259434,-1.0,-1.0,-0.01640920381991051,-0.10248003758884328,-3.0737650942631967
-0.9967861582400747,-0.46448314318173756,1.0,1.0,0.19235480448416709,-1.0,0.7973158694440607
-0.489489032354968,-1.0,-1.0,-0.6382899628188647,0.19189149688266532,-0.2802170175897711,-3.4440283467054416
0.25959859172246147,1.0,1.0,1.0,0.35183886327487124,1.0,-6.138729278520486
-1.0,-1.0,-0.9265981777060707,-0.20316927297710552,-0.33851346177149355,-1.0,3.5117250776428897
-1.0,0.5723956286699463,-0.27427577810462134,-1.0,-1.0,-0.08545166881814098,-0.2177559543894991
0.45732233071395545,-1.0,0.781117658683806,-0.2244749192963973,-0.08602286232498779,0.013134725155240501,1.6230257564483912
1.0,0.8432015275170517,-0.5042274874716197,0.44386067761958437,-0.21998859342677723,-1.0,5.496654784191289
-1.0,-0.7181077734678654,-1.0,-1.0,0.13500721977226537,0.8289495425902792,-1.853911643127582
0.1872485823590511,-0.01956313293365064,-0.13291737675014614,-0.2338229985000902,-0.08034434797820167,-0.6469337515638962,1.1353607086994475
-0.027124980264090687,0.8442655543455594,0.5110569684192343,-0.12305902126628143,0.2724688819636505,1.0,2.2145111800245676
-0.12398029444574932,-0.8925848402136458,0.3579764169072523,-0.3542840911841043,-0.4113108699809651,-0.16454627659996296,0.6753409772677164
0.6799288100158529,1.0,1.0,1.0,-1.0,-0.8606124382943432,5.5370243676035855
0.20712672222931772,1.0,-0.04369834775533149,-0.2939153106551685,-1.0,-1.0,0.5656059062975146
-0.09351188989332238,-1.0,-1.0,-1.0,-1.0,0.2784988919514465,1.3545166494960208
-0.5465803405260422,-0.27228694590364905,-0.7801070900585177,1.0,-0.3083079777555249,-0.4621976736055984,-0.3636578517078489
-1.0,-0.5458770421243018,-0.8254704745115078,-1.0,0.4001332310748301,0.5543968176111966,-2.207781757186768
-0.23108709683199735,-0.43359047694028496,0.9017159497455497,1.0,-1.0,-0.4785997607164445,-1.0033635501761686
-0.3801610449797188,-1.0,-0.6862320403125719,0.4247114738020301,-0.8891484039158499,-0.548101991879846,-1.7787927192505433
-0.5437187647927932,1.0,-0.7178862500019938,0.687473083877758,1.0,0.3300887111851254,2.819264035748702
-0.9476283362542357,-0.917540749940895,-1.0,-0.667836026097239,-0.3612975457409542,-1.0,4.192004964950249
0.677966618839675,-0.8358788858580883,0.7731444333646722,-0.39347534892521635,-1.0,-1.0,9.13895009214984
0.2312793282001132,1.0,1.0,0.8967124852574424,-1.0,-0.6833622481008825,0.6830990959676309
1.0,1.0,0.12169768438823081,0.5826736914137531,-0.4366162618178235,-0.9607032591238306,5.795783495413826
-0.247778854141421,0.03968652951182966,0.4131782570063685,-0.44670837604995817,0.1888940652868547,0.9997249521030553,2.631143112178439
-0.05255813941213505,0.9083158970512837,-1.0,0.23877133218423519,-0.9107112433258728,0.8206073652100224,6.003487754425303
-1.0,-0.8824527450395787,-1.0,-1.0,0.8108795590350195,0.6754491229625879,-4.374767020800528
0.728919382730425,0.8715199455186504,0.2076317821384468,0.8220686558117252,-0.6218202740848165,0.775372667673042,3.4878660231072467
0.4947719889399914,0.3859911970260546,0.44130350662294143,-0.9136916932433735,0.9488413152354611,-0.5986520368438466,0.9939242843749374
0.48671834973505723,0.07537737847345766,-0.5768010673570736,-0.2516110507359991,-0.30270819216249367,-1.0,2.726330704172548
-0.2199081457344232,-1.0,-0.1314215478820372,0.1508203378855762,0.4977184785829188,0.9181375307416915,2.3488568381102835
1.0,0.14529471718464326,1.0,1.0,-1.0,-0.8019643019412541,7.0181907613382455
0.3736516127355114,0.869685966733388,0.38882841588284084,-0.5498889466583637,-0.13629970283052142,0.9989858259086671,3.5107115155408892
1.0,0.6444436438604604,0.08798230560577151,0.9479183368582468,-1.0,-0.1690195954988003,4.341906238755911
0.20658396359966213,-0.9474922325395281,-0.263787753902087,-0.17466611111440367,0.12058097595271755,-0.10486920747958928,-0.9809150010465097
1.0,0.1678920533647179,1.0,1.0,-1.0,1.0,1.8689313351553678
1.0,0.8815589325300057,0.8452784879526255,0.30042795543722856,0.6310049037520232,-1.0,-1.4704047096940087
1.0,-0.22535670025648996,1.0,1.0,-0.8107800350018967,-0.9560759954305696,6.778775381641144
-0.5821056444681341,-1.0,-1.0,-0.4433346044172266,-0.2331412140997331,-1.0,3.671120438860447
0.4226114167859044,-0.05254033012306636,-0.636338466417821,1.0,-1.0,-1.0,3.9713997455335823
-1.0,-0.5149805182882883,-0.9212177920468887,-1.0,-0.2010566158572018,-1.0,5.02889127282462
-0.49336051221425037,0.4109215893997792,0.2541364369359934,0.3370245728406712,1.0,1.0,4.881615454957249
1.0,0.09043761014612128,1.0,1.0,-0.7040484810600159,-0.19082247649526018,2.6597366157717643
-1.0,0.1457000984454656,-1.0,-0.2990498996579374,1.0,0.09767269140037271,-0.23229187010075303
-0.2766626206433891,0.4957420962991764,0.1525774427065138,0.8405462656085656,-0.8050781120291486,-0.11156220287331886,0.03677598052904208
0.3032329494038288,-1.0,-1.0,0.07840643225592137,0.32939217481214766,0.14419994635057032,-1.4500438792005874
0.6140123954726378,1.0,1.0,-0.18701160904312553,0.12995075286923907,0.4911711671011577,-3.7572488992293387
1.0,0.9123548366988344,0.3320516591628745,0.8123356499030638,-0.6299481459654983,-1.0,8.972978662475274
-0.3490225422077007,0.9131584379202323,-0.196941003444275,0.8674455184306307,1.0,-0.414558146607073,1.7504561627589985
-1.0,0.5497855563252263,-0.7270986064767405,-1.0,0.88980520005182,0.9774596177239407,9.42347325706551
1.0,0.19494571764311158,1.0,0.7401850078110419,-0.8421868521556747,-0.508314319016733,5.083706246956721
0.4806174606476976,0.6188089038116938,1.0,0.7701976608716605,-0.031211282096724746,-0.7330528727415926,0.03252610111893395
0.004918691935725028,0.4257212548209418,-0.08597218946669538,0.7060163913145574,0.026750064399047035,0.3790594677412322,-0.32827065517565657
-0.1040928203121004,-0.8737330840531603,-1.0,0.33331081485262826,-1.0,-0.4254116338245395,-2.9899771700066005
-1.0,-0.9608062444237128,-1.0,-1.0,0.26515692206662267,0.20019335621456838,-6.727847013381516
-0.5075855711232772,1.0,-0.16497817549430138,0.5935348670869915,0.5404454470016182,-0.25739507203851675,1.3130180778960807
-0.4094687595291343,-0.995084467263902,-0.6214540181953296,0.005080201777544757,0.5216103092010208,0.009584326269006405,-1.4645422908779
-0.01443505676827661,-0.8706334685003596,-0.7369558398310403,0.23588580368906714,-1.0,-1.0,1.254130784622111
-0.2753524045921618,-1.0,0.237243331870722,0.448901270615613,-0.03702451469237984,0.0932070856978664,1.1600276222941666
0.8748752068895277,-1.0,-0.9774627137290288,-0.5846633798686078,1.0,-0.339652206615088,-4.810099087470231
0.9205162799454352,0.6627182408716183,0.9006479907024183,-0.9348447779468061,-0.9470140046408576,0.5239838618874668,3.1201944845618095
0.7254066379202766,0.2566937364823998,1.0,0.7898395209444424,0.946318875857299,1.0,-3.9538223400492294
-0.6170799187182728,-0.34966619395679815,-0.4780149802185796,0.8379383999108261,-0.9665473166761114,0.36862218993872653,-0.21438865225296505
1.0,0.25216186664958884,-0.3778023197844625,-1.0,0.1792773683646851,1.0,1.525523783944992
0.07338115261673295,-0.25291973698305115,1.0,0.8345060092193501,-1.0,-0.8516555048321974,1.3673529980357766
0.875024946594896,0.276950229418655,-0.08836862855631267,-0.10306940551703647,0.616638242024397,0.45143352993456054,-0.7226801357240277
0.11451656834942558,0.2797839317136008,1.0,1.0,-0.6989860670837567,-1.0,1.8701422426976517
1.0,0.663500439696478,-0.004384771873833793,1.0,1.0,-0.33401650141186023,-0.8158922644502906
1.0,-0.08701683227070278,-0.2677036712835596,-0.6968734952473716,1.0,0.9200198941557911,-1.3491665841607046
0.8744774307879968,1.0,0.28872180592865093,0.11736732797367821,0.5412620281065526,1.0,0.25748265261136727
-1.0,-1.0,-1.0,-0.6034155745472654,0.522011368205609,0.6907541112318671,-3.134388369804583
1.0,-0.43771981935104654,0.7372814511139911,0.8841216298614752,-1.0,-1.0,10.583585186739104
-0.48602878683736905,-0.3645738291640255,-0.6121539628863923,-0.5286097933943232,-0.5662500077922117,-1.0,2.9393369744469213
1.0,1.0,0.7767240537120512,0.21757350234624173,0.3014752480261751,0.5362705734890014,-2.5573150548366335
1.0,0.7351755537539092,0.5992260314199955,1.0,1.0,0.6332980294309721,-4.711761100477666
-0.15134621279257576,0.5672290020099275,0.06373466422098406,-0.17946596662514225,0.1962516170453581,-0.31039208944313423,-0.6850674879543321
-1.0,-1.0,-1.0,-1.0,1.0,-0.613106503094174,-3.0788243335016987
1.0,1.0,0.5885039295103482,1.0,-0.48261450177203824,-1.0,7.8950997619018874
0.15835006577697852,1.0,-0.35934366088196007,0.9814005073730493,-0.9548765067218046,-1.0,6.598128252760162
-1.0,-1.0,-0.7457227090878376,-0.08093266499669993,0.3188452049898074,-1.0,4.504011335222844
0.22454358079240722,1.0,0.40893701416941663,0.21366746758117494,0.015616469225677831,1.0,2.315048658526998
0.06726333011640273,1.0,0.0024199498124271024,0.06829592600515455,0.4629296278948001,0.47301468211906983,0.47874000071826817
-0.04389017132520577,-1.0,-1.0,0.9512256158654151,0.11113638075659178,0.8401583605347059,0.8630151701387193
0.834685884151701,1.0,-0.45635283939624743,0.31494621135747386,-0.6684375802338756,0.37600978139754027,3.4910060335913307
-0.7054373954138489,-1.0,-1.0,-1.0,0.4580263262882617,-0.3195519797918214,-5.562204473582221
-1.0,-0.9096257854263914,-0.3884635296617371,0.024679998755328447,-0.7190148404854424,-1.0,1.2863150391432945
0.11516751388360612,0.9592231467108486,0.5496449539279513,0.8202299993748392,-0.9788793799485511,-0.4314462477066543,1.7545289420795287
-1.0,-1.0,-0.19740922900438762,-0.7823172905129385,1.0,1.0,2.8247415200712678
1.0,1.0,1.0,0.7461247387345646,-1.0,0.5222816417210154,2.4337141338899553
-0.987037929266857,-1.0,-0.722445869269988,-0.4850278335525703,0.6504787170971251,-0.7204177806445631,1.5262898118657495
0.0003814195026714817,1.0,-1.0,0.3907668009375317,0.8005505479945239,0.3310616108148523,3.7218557031878454
0.23393925595799342,0.9783918984223958,-0.5311487106513375,0.08913295403609955,0.1714486471721766,0.9204534818898022,5.818417278353934
-0.7630605020757563,0.35559704465066483,0.7552816610706599,-0.2712853884645492,0.40683702830350366,-1.0,2.9026211233989283
-0.09637969802997681,-1.0,-0.44992907438268026,-0.8448715430025209,-1.0,-1.0,5.222604383830073
-1.0,-0.32593630837172743,-0.04672672188666216,-1.0,1.0,-0.7974695789342667,6.911911760408381
-0.06395521185731415,1.0,-1.0,1.0,0.41521092341045085,-0.12516448067491417,-0.7965809442797388
1.0,1.0,1.0,-0.5292741700155467,1.0,0.6377175870392435,-3.86726806140434
1.0,0.3267431946357706,1.0,1.0,-0.7319873577914369,1.0,1.0468301772429514
0.17345621495466748,-0.1526756777795788,-0.5778517616506312,-0.5436031343435457,0.051781845515012304,0.6358528497529444,0.22849426820342988
-0.4758232137741647,-1.0,0.009679430167419512,-0.16785692687003784,-1.0,-0.180935198287153,-0.7886403867544023
-0.24689097300216659,-0.22639837485098238,1.0,-0.6734448080894903,-1.0,-1.0,0.5841570971715403
-0.4751151693095831,-1.0,0.40419651174057236,-1.0,-0.7424289422949308,-0.3532785716251432,4.110378962653939
1.0,-0.34046522395989726,0.37481541714310623,1.0,-0.2479780219894543,-1.0,7.122234466338744
-0.5722002537727912,-0.051555590467111334,-1.0,-0.1448016320234033,-0.4589663659815384,-0.9952209159051801,4.569152291185934
-0.8743809106644395,-1.0,0.9154363834742953,-0.22074737458984134,-1.0,0.23229462089746805,-1.2229471354097368
1.0,0.4216728154442894,0.22602659015936405,0.052388343326991604,1.0,0.4749224540667717,-2.0323165852805833
-0.09039000802319486,1.0,-0.8362074967657649,-0.31761721487458283,-0.7319461987679436,-0.4014398468151199,0.7191195131597901
-0.5804121390736801,-0.7065788004895864,-0.9296319364260597,0.20981445107945818,0.19852657948266728,1.0,5.019577249019318
-1.0,-0.12513919837209464,-1.0,-0.26532593990893716,-0.10172128628432386,-1.0,5.384945746173406
-0.5008592053535361,0.16295106945049806,0.1456828935706581,1.0,-0.028115849972961293,-1.0,2.2954139672974083
1.0,0.14193583967974988,0.9508877849530091,0.5540876073411027,0.7158013040398401,-0.3343387948283557,-1.9529295702190521
0.9425361427474431,1.0,-0.11027345853988724,-0.23422354793121558,1.0,1.0,3.1200122862219404
-1.0,-0.6659114428651736,0.06473796562702028,-0.38674520064581674,-1.0,-0.8198227735555204,0.597345645375752
-1.0,0.4894778843413432,0.1858376948082359,0.5570964880398616,1.0,0.5817432590844936,2.482906914801888
-0.851857665927612,-0.6707303314842125,-1.0,-0.36656576629396853,-1.0,-0.9558176316283509,2.4524468345393045
-0.06972688936548171,0.007862856029633214,-0.24132682285758045,-0.8884919407862186,-1.0,-0.06837574086334988,0.9659543804703343
0.10970990919265888,-0.9815864936337746,-1.0,-1.0,-0.7145546526463236,-0.32944546220560317,1.5079555681082177
-0.05760726106267419,1.0,-0.023703603663437593,-1.0,-0.7327390775580793,0.2959118247635766,4.262288585054834
-0.39979006529835437,-0.04917087915537083,-1.0,-0.3679116392807771,1.0,-0.01978587859172537,-0.32435367177856317
1.0,1.0,1.0,1.0,-0.07195258346974642,1.0,-4.722215212978176
-0.9700682543233019,-1.0,-0.3075506872660463,-0.6208182333751946,-1.0,0.3330213264539197,-2.0158468967939815
0.45541834931002934,-0.42250245613349896,0.3597087079120401,-0.5085977550328145,0.4847780484183603,-1.0,3.6855802662205646
-0.12528054702375413,-0.5264528428191186,-1.0,-1.0,0.07572691892528194,-0.22154037752276778,-1.9860999479806871
0.8713109942057489,1.0,0.17512124506403204,0.5333659934628188,-1.0,0.5327908390802266,3.3674462458518732
-0.28333915972407114,0.681689568293625,-0.12338597520890066,-0.4772278049126064,0.236597422566872,-0.2268198214053474,-0.46144650540268206
-0.6448928586423295,0.054517228031399356,-0.24991027452571163,1.0,0.27001875607155656,-0.3972850113777754,0.5423710844334861
-0.7833277739772593,-1.0,-1.0,-1.0,-0.4911507720326173,0.41689082417889767,-5.785805080358142
-1.0,-0.36969223791385686,-0.43663845812837726,0.04229751115934771,1.0,0.4772860884596559,2.327381713999903
-1.0,-0.7229757963239977,-1.0,0.724218793418109,1.0,0.43214497905140714,-1.4484139331691857
-1.0,-0.8582146388141791,-0.1219900060154877,-1.0,1.0,-0.5170634568664103,5.330894336981399
-0.3521975017853093,-0.643748634646141,0.5310607219285726,0.09023635789774959,1.0,0.6020798603435553,0.26285644500342853
0.8511683222536772,0.23298299681929746,0.9207994004095654,0.1271349263540762,0.9162755734779457,-0.5189686949497803,-1.620031590870445
-1.0,-0.4407658592424547,0.414873012482661,-1.0,0.33867363433065656,-0.8318253134193663,4.2316392000896075
-0.4789490980683483,0.45024601082335913,-1.0,-1.0,-0.13260060808304286,-0.6508579302205575,-1.5025309171162737
0.5669719101207946,1.0,1.0,1.0,0.8960158549097202,0.311051166948591,-7.863798429722146
-0.13222684355248204,-0.027560724192848052,1.0,-0.02894082327017533,-0.6155860656572603,-1.0,1.326131948547129
0.2243885750573788,0.7362613319768914,-0.42097623129770556,-0.2963660364286527,0.656244664576668,0.154301301270994,0.05153553139145939
-0.3860773850793781,-0.7027556335621142,-0.9555223018653062,-0.9520773505864604,-1.0,-1.0,3.357856952769729
-0.6497915288817022,0.14983998771141108,-0.7911144816100282,-1.0,-0.024485664861090384,-1.0,1.7579795952325994
0.05790819074032061,0.15684124300934466,0.9459616967178794,0.31508650680033656,0.763676773258522,0.22447532025684658,-0.9679272345362303
0.3001701767160776,0.42339677729470626,0.5591432697036094,1.0,-1.0,-1.0,4.84741664716472
1.0,0.8131050617241558,1.0,1.0,-0.232194319511067,-1.0,4.506283958191623
0.16471342042679027,0.4938954470845607,1.0,-0.4236041699994348,-0.9761162727920194,-1.0,-0.693596158856131
0.2426498509510776,0.21718515683588335,0.29333821327253046,0.4977963788250389,-0.31564078845542937,1.0,1.7234413648931346
1.0,0.7867753424696808,1.0,0.6635116377263571,-0.4973620977023995,-1.0,5.102298687179711
0.5126286735943656,0.12515979214347905,-1.0,-0.4107395497449796,-0.3024236570302099,-0.2250207809312741,0.21230909409078502
-0.0431694488854521,0.22371912325227533,1.0,0.5471102763530207,-0.10137917923770082,-0.794723514582644,0.7563817661316087
0.7399944321775456,1.0,1.0,0.5524481833730265,-1.0,-1.0,2.686632444524972
0.207262701729912,0.9126527506813722,0.9792979433293743,0.87019633122737,0.023387693821912414,-0.4071589333690695,-2.5717559111882524
-0.5147334638252521,-0.6621133469954936,0.9473553506858471,-0.06527030205563311,0.22261443973929096,-0.5111340183830652,2.4324147178973208
-1.0,-0.3990441722609519,-0.8026411359054411,-1.0,-1.0,0.07874647336113393,-2.260240658769497
0.6577767011691456,0.27356764829321834,0.9030039794441458,0.2653897309328377,0.5023249465624964,1.0,-2.1508961384468264
-0.30754266682243614,-0.4672116794775435,0.3344473016884886,0.23084170259531434,-1.0,0.9861970630719561,1.0337173292555608
-1.0,-1.0,-0.6821981730833782,-0.9851052855014619,-0.47365620074079856,0.9339430724992442,-2.7050466372050463
-0.5553996992488555,-0.7415996989620743,-1.0,-1.0,1.0,-0.4095641146522042,-2.6713819686038818
-0.1956960841734996,-1.0,-1.0,-0.013219469699562891,0.8844926330248466,1.0,4.304678167600374
-0.02225067409030601,-1.0,-0.5455126792893326,-1.0,-0.42632510457741746,-0.8633496440694552,3.950226050115552
-0.889104848974073,0.933481535354784,0.23578862161964448,1.0,0.23665527677725673,-1.0,1.9026694247816391
0.38912401009549846,0.6538404092382037,-0.5530903847498774,-0.5491575359140382,1.0,-0.16492960014792957,-0.5054073586769288
1.0,1.0,0.37567085235598663,0.603790760050515,1.0,0.17585774629625633,-3.3118367378422926
-0.7623386308340213,-0.35233036270803364,0.2344789651246919,0.36456637624517724,-1.0,-0.7100407615777616,-0.5538116158676862
0.5882080379905249,0.8557170078245298,0.2892607892224849,-0.07926014940840886,1.0,1.0,2.37008821756749
0.31867396253685587,-0.6409541367099679,-0.8997737493743205,0.17855582347920268,-1.0,-1.0,1.4465385992286257
-0.9209029589367519,-1.0,-0.3512412558463094,-0.3769801914304729,-0.20339576294767414,-1.0,3.229641013270746
-0.2855993275813291,0.16993851853785713,0.49076187420052175,0.9794263367737985,-0.04969436854957243,-1.0,2.8397117049095777
-0.5932220532744048,-0.3849904657215095,-1.0,-1.0,1.0,-1.0,6.107195812503076
-0.9757575639291625,-1.0,-1.0,-0.7245788675863878,-1.0,-0.2850484242160034,-3.0659856024787793
0.5840215463893863,0.09470618175073592,-0.384239008936138,0.24748059696619207,0.23405497879941106,1.0,3.364211474110177
1.0,0.6676268897975779,0.7649221349328772,0.5771386209978673,-0.3818337927232764,0.003940173867093964,0.9388946753919776
0.2941149791626436,1.0,0.4227038159510977,-1.0,0.1974935853333819,0.48032579499446926,0.7638916253533239
-0.6852910720201162,-0.9324194898717986,-1.0,-0.08776713681914522,0.22416529801054152,-1.0,3.688947413796848
-1.0,-1.0,-1.0,0.2317265512394302,-0.8189142044764145,-0.6361081572300984,-4.287207315502993
-1.0,-1.0,1.0,0.7507353306193902,-1.0,-1.0,0.23208570855025884
0.10532473794005348,-0.03964518757908242,-1.0,-0.43973211706434284,0.42677385538591434,-0.4852218720858963,-1.2239292366078305
-0.07761145390070534,-1.0,-0.3962391265170311,-1.0,-0.22191865806850564,0.3924056338027393,-1.9094719932011062
-1.0,-1.0,-0.8459214639719905,-1.0,-0.6803872266073505,-0.006748997474035789,-3.5322352764000158
-0.9038489287248779,0.2799633572390341,-0.2226587635598722,0.30383865344587246,-1.0,-0.8378767278194826,-0.5031849426093695
-0.18021036335357055,-1.0,-0.5558311178306083,-0.5462684025536828,-0.5366405062958082,-0.8651723139265572,2.504510039537086
-0.5007317223440629,-0.7077314936459173,1.0,0.24731284757130112,0.29380708958845186,-0.16557996841105105,0.6478163318542799
-1.0,-0.8145029858704099,-0.2519443739371199,-0.6741111859245941,-0.991737711296602,-1.0,2.89664949386054
-1.0,-1.0,-0.23990953239800739,-1.0,1.0,-0.5219476055035338,4.064201497956667
0.7687377487663506,-0.22035069507644844,0.8670830281550705,-0.19342798409015283,-0.5009763784394589,-0.2757602948086634,2.7703529001265754
-1.0,0.02973995275944208,0.24534874062889578,0.36653648914083986,-1.0,-1.0,-0.3798718956945911
0.30203457932689126,-0.0788051612568651,-1.0,0.019100068830008865,0.5368590677822462,1.0,4.91989157916542
-0.5144655245049237,-0.2127055292349204,-0.2855328282163756,0.13611977793657903,-1.0,-1.0,0.37875071604490473
0.5221429338735553,1.0,0.6124014790395327,0.5112207909649822,-0.571250749453638,-1.0,3.4455368250054614
-0.6587589627592869,1.0,-0.5345434462353296,-1.0,1.0,-0.2168343043100215,3.5239406260680366
-1.0,-0.22428553874342744,0.8450666901845192,-0.3783128610032722,0.41800022639815226,-0.5869920859844533,2.3370464813174814
-0.26622533101618295,0.03634950033934825,-0.02292698114611691,1.0,-0.5459819424637604,0.6372901579601216,0.6839277690740289
-0.403442302184003,-0.4091449588286469,-0.006749440748212265,-0.9403709669020771,-0.4874816577511587,-1.0,3.1002795029155683
-0.07705118592661797,-1.0,-0.7305816183368101,-0.14271956401092578,0.4711929460441988,0.21521592549800028,-1.9170881368723962
-0.6976034467318881,-0.058091551929370766,-0.7625506506796165,-0.6489934066490496,-1.0,-0.15866303404971727,-1.9653657244943645
-0.9647574001231657,0.6153918187873253,0.9866378984093771,1.0,-0.6975983800326392,0.5701907223492941,-6.283698870668004
-0.29527242213217053,-0.3382674976849092,-0.8357850138505455,-0.04207961810346028,1.0,0.3449734246454781,0.05107333066062053
-0.7622421188216221,-0.22671500514838078,1.0,-0.004037433284643732,0.5773267334401951,-1.0,3.6396674907927875
1.0,0.8048903530666962,-1.0,0.2044502968606392,-1.0,0.09295527156488081,4.67332689327023
-0.08653456843659096,-1.0,-0.5468742033319531,-1.0,-0.20277652343967384,-0.6216646308800255,1.0135436730591278
-0.4444827272967595,-0.39526227393036556,-0.31153794332874174,-0.46187757687408415,0.8278969169555472,0.4962830494796133,1.303243917121257
-0.8376592060458861,-1.0,-0.9792331699961236,-0.927697609690677,-1.0,-1.0,3.783255778953733
-0.10893742502573567,-0.0588138262059012,-1.0,0.8842246593803429,0.2425015223958965,-0.4452562926578766,-0.8542630091958681
0.7438420273144518,0.8498212937279173,0.5372114937070716,0.15298119778262398,-0.6121350671957367,0.9912528430460237,2.900384593954139
-1.0,-0.03289752261497825,-0.5329554564975749,-0.04674709981919077,-0.11033597266799045,1.0,3.2276299232226204
-1.0,-1.0,-1.0,-0.39300551886914703,-1.0,0.9501094303593466,0.38587665569093804
-0.10584939890007639,0.1621220082441729,1.0,-0.14401074436348005,-1.0,1.0,-1.6887664091391095
0.6288410790190488,1.0,0.9913994180401553,0.2093034854489233,0.006432436142342929,0.14066573201579394,-2.64086588137054
-1.0,0.5231143171206855,0.04555446609056091,-0.7159798897271469,-0.7257425128407604,-1.0,-2.193488656031051
-1.0,-1.0,-0.7035389902229523,-1.0,-0.27062743836893743,0.14053945751439478,-4.175063941865771
0.3268708053466598,0.9391402862870505,0.8884415476618752,1.0,1.0,-0.27436272680717877,-4.302930053928081
-1.0,-1.0,-0.34458464134572386,-0.9936454914879826,-0.6613096650274082,-0.9276894307632273,3.926396247707583
1.0,0.5556033076105855,0.7481403024738221,0.8228226285366793,0.6176795991472758,1.0,-3.339093887422565
-0.9771722228845736,-0.23694727604509758,0.695851026072839,0.667015631063189,-1.0,-0.7902490147066006,-0.8449898699391876
0.408802642879878,-1.0,0.18534689439411384,-1.0,-1.0,-0.8244439396234806,11.641512196613022
0.23074808759887244,-0.3956626590377095,0.5495295974177055,0.5066566684876492,-0.7041639175635583,0.6551882880008015,0.5869637476598897
0.4412362357215689,1.0,1.0,0.6321213534617169,-0.5120630010895096,-0.03494793922347417,-0.34434428752089263
-1.0,-0.9624398662165763,-1.0,-0.8545950289224249,-0.08991061748787521,-1.0,3.248987546707992
0.38652178110429536,0.37081104931838116,1.0,0.4514310709167391,-1.0,-1.0,2.6803694202800292
0.30661375666965474,0.13990426243603182,-0.9393976033635736,-0.6734458973106936,-0.936673159310725,0.5251250214278844,2.3413024144922554
-1.0,-0.7316724265230878,-0.12725282650615255,-0.528082457460338,-0.1783261131743622,0.48728766166900866,-1.6098442200653702
0.3672303210512803,1.0,0.047540200499507274,0.5760058595993234,-0.5061821987405739,-0.08761606396734234,0.9175762100015947
-0.2442946540933154,0.11850721397271413,-0.4086491751270382,-0.31422526362133674,-1.0,-0.2250562713105002,-1.4587254257595155
-0.7589920895739428,0.07806688149466912,0.0824463802209836,-0.1855998911311647,-0.37518257068364047,0.4936464075061844,-1.0268296979640164
0.040344709422168945,-0.22748913649594915,-1.0,-0.4969523037324607,-0.8180420582207022,-0.5046427831715252,-0.18688864775358466
-0.23549601933770936,0.3881939668987878,0.6502197247721788,1.0,0.2959582813781165,0.5240694276134279,-1.0471557313120192
-0.3208832740435801,-0.05058622627436407,-0.782963877138159,1.0,-1.0,0.44593274301324515,-0.4034220567712893
-0.5704417010218961,-0.09844041309741369,-0.13492459823810066,0.06562011383479033,1.0,-0.383183785717109,2.070502948508855
-0.654117652690325,0.5474142708983784,-1.0,-0.08391879698689189,0.6060918890225271,1.0,10.127014134578342
-0.409166529287247,1.0,0.469964090144283,1.0,-0.5911654793369439,-0.17193573794133515,-0.6425585443227184
-0.6200805251177179,-1.0,-0.11924566943218484,-1.0,-0.4866140654241698,0.8963999662393702,0.29983258051218264
0.9210747552159078,0.7557901793020861,0.8476585598846781,0.2190262245688508,0.9117402320702118,-1.0,-1.9123314204134574
-0.3548573872633914,1.0,0.4575560579271378,1.0,0.07146313053267628,0.9446160916367223,-2.631576486702551
0.1565016694136272,0.5129940539843411,1.0,0.3079025617962652,-0.9500532432456417,-0.041264583919523035,-0.5248718724017617
-0.07125353816957625,-0.2709240317509052,-0.25525133278912393,-0.4991197036337489,-0.48091825674941746,1.0,3.17494159429098
0.32570964221888626,-1.0,-0.7325356101879957,0.7328376693354713,0.4428731631092561,0.14867838284072532,-2.5679458604066827
-1.0,-0.41064898303139374,-1.0,-1.0,-1.0,-0.5397879439719419,-0.8261008843678179
-1.0,-0.7992677506772669,-0.7731116216887469,-0.6497560625072596,-1.0,1.0,0.8021584797089683
-0.6293707838373762,-1.0,0.4239009204421459,-0.64951677363678,0.2198195828846352,0.5173195629354295,-0.6014995241460115
1.0,-0.09421808593653513,-0.40651745942605816,-0.8222663602419966,0.8031680440343618,-1.0,1.2837467040147867
-1.0,0.09936023850000891,-0.7209071059958747,-0.5505249721538609,0.7861924623285033,0.8615136695361945,4.601823875930289
-0.927407134916413,-1.0,-0.18682367068264882,-1.0,0.8948425374752118,-0.19533737837818022,2.9262129479600776
-0.6124380726447203,0.6697452290403823,-0.62907681477682,0.23388288692130957,0.06515780843891461,1.0,6.217351058915042
-0.12564942417785008,-0.7060899995223697,-0.8324207144943856,-0.7177799091436261,1.0,1.0,2.6818017859200967
-1.0,-1.0,-1.0,-1.0,-1.0,-1.0,4.686186406397753
1.0,0.9895065396620855,-0.15539596616073215,-0.49599031402712923,-0.8764281873354209,-0.08067676243399702,3.603299185403479
-0.5976970445693441,-0.9912445926925917,-0.1754743691257833,-0.35867599137219575,-0.9112869504903998,-0.8778372397260796,2.2583089208487546
-0.2672817797398029,0.1110758516121172,-0.1197548445801716,0.7438260705004937,-0.6649961008655185,-0.5347533093930827,0.14763324702773975
-0.6131473014239048,-1.0,-1.0,-0.18301322412568277,0.23054811048563825,-0.39522705288916843,-2.6909430149517366
1.0,1.0,1.0,0.25170612825450345,-0.7304017170540532,0.46599646677475703,0.4440666539958751
0.9069125610947972,0.9106298044711691,0.41755359483292875,1.0,-1.0,-1.0,9.094400360187553
0.8167447470019894,1.0,0.7962153649169706,1.0,0.12261173995115948,-0.6176443966361249,-0.42030292264962255
0.07836930513624774,0.4180944600170388,0.07610651158346399,1.0,-0.19434279700666957,1.0,2.4136888750954872
-0.4599045297500851,-0.4851354050824973,-1.0,-0.24735998755412691,0.1893268318095992,0.648357503699881,1.5776906256924752
0.6785477506662971,0.770565567150296,1.0,0.11922018083843677,0.29874383987568437,-1.0,0.3932372819953256
-1.0,-1.0,-1.0,-0.8111517377144843,1.0,0.5191263778915469,-5.501927376133521
-0.13045124943719077,0.04427726873760951,1.0,-0.34459526389328377,0.5548806935336376,0.24018391562505204,-0.38117633170926063
-0.17218618333235897,0.867771314634608,-1.0,0.8579083530581905,-0.40405392713157495,0.1212591641733585,1.845462359461052
-0.5822488980595862,-1.0,-0.03276360995530303,-0.3175906310362884,-0.9590319235603788,-0.18417060263592794,0.28781220572712585
1.0,0.8430479603509765,0.511441128687307,-0.1594576191384907,1.0,0.3063593522239232,-2.9977693639256886
1.0,0.33578718534081187,-0.08729180111024698,1.0,-1.0,0.2070331620490926,3.780253826257274
-1.0,-0.14549924253340635,-0.3286247089060036,-0.8395084464133629,-0.7623071148988859,-0.8056202300181252,0.15876547760666293
1.0,1.0,1.0,1.0,1.0,1.0,-10.364338598754564
0.65780029442789,1.0,1.0,1.0,-0.020388949328697725,-0.8021983444939381,0.037080116544083275
0.7615262940960772,-0.305082757708288,-0.017404708591597262,0.7642123214017253,0.24163055614406312,-1.0,3.1244815943353688
-0.5111030370927937,-0.625937071935817,-1.0,0.03340390028042017,-1.0,-1.0,2.0445116964254813
0.1695824295743078,1.0,0.9759984895682516,0.15055515946084563,1.0,-1.0,-3.062885672017963
1.0,0.4506513201512541,1.0,0.7704459557370826,-0.21318538802744563,1.0,-0.2170121543782555
-0.8829770915074973,0.2896062409271427,0.0266857939278676,1.0,0.13663540318875644,0.42370175089324,0.0978517230033693
-0.6907813773762204,0.6389913614185448,1.0,1.0,-1.0,-1.0,0.4845475172878952
1.0,1.0,-0.3286748877644283,0.070740234901923,1.0,-0.2622106608080139,-1.2198684031359628
-1.0,-0.01929403873728186,0.3626239638446871,-0.4845457494173354,-0.43077308536818726,-1.0,1.7270623727282484
-0.2307459111402776,-0.29404554806526595,-1.0,-0.04018940906364071,-0.702296321139064,0.36908119580699866,-0.48989183604682024
-1.0,-0.8933446388933071,-0.12643987344639876,-1.0,0.37566135386825794,-0.7075519365564658,3.576632882189637
-1.0,-0.6042808455486037,-0.8553599593464101,-1.0,-0.6611362807806402,-0.45878143696042073,-0.3955374059724211
0.7310694288396283,0.1703578111774448,0.7384614043703643,0.6567414907606955,-0.4090564984543519,-0.6529325896169547,2.9446699101632445
-0.13930330836449217,1.0,0.03681937114570011,1.0,-1.0,-1.0,5.05378207231213
0.5650583679324406,0.2834495778952463,0.6807317969964546,-0.30483384843930483,0.14136776830745917,0.6638561518552515,0.24290670387517255
1.0,0.2016192085296986,1.0,1.0,-0.5498565909977082,-0.5898827034833242,4.604187562202388
-0.06486142816009055,-0.579772853386856,-1.0,-1.0,-0.463322441999207,-1.0,2.7183994006858123
1.0,1.0,0.12546046276659684,1.0,0.6265685234157798,-1.0,2.5859794887465455
0.8768221487102962,-0.06262301766224637,0.055704421497533296,-0.8519282391742456,-1.0,0.7048001327773294,5.739221137150899
-0.291883677587647,-1.0,-0.4639745174437908,-0.18459777163645064,0.1521166340812088,0.14481872080791397,-1.215386717831151
-1.0,-1.0,-1.0,-1.0,1.0,1.0,-0.8764765192645663
-0.9441622976023364,-0.08962971184135587,-1.0,0.6101092709096372,0.019720560398673093,0.030487012975538574,-1.1950416023667028
0.6592066774170191,-1.0,-0.8297249492168457,0.8255840960705428,-1.0,-1.0,3.4131203469331295
0.4683859907523316,-0.6317740486646425,-0.9853729786855946,-0.42929420403379026,0.27661676656587786,-0.14707182758964582,-0.9639349998147522
0.9267630226884946,-0.9985152368103216,-1.0,0.21179328745807346,-0.07860410450977752,0.5810204520248095,-0.3835245040209363
0.9247842551552443,0.8084458084712757,0.6275463139470863,0.9690688163824881,0.42395924911455957,-0.47658210231841325,-0.460752297506051
-0.13793354744401332,-0.23267049184073785,-0.9533870734858181,-0.5881998937109374,-1.0,-0.1375073322461542,-1.2109550151040296
-0.014107450804815042,0.5094721371664988,0.5499526565552509,-0.9472307935523298,0.5233726949825012,0.043385267735614574,-0.2963748186804338
-0.4601190898890888,0.43289995211641746,0.21401037544309032,0.6728904506786915,-1.0,-0.6015152469443654,0.5742670526753861
-0.8742104359855948,-0.3279692772241821,0.058488709461468474,-0.2195164012208084,0.4221440123560085,0.7023091222929455,0.7497998482245078
-0.9460426268490774,-0.487715432713073,-0.11761917932493007,-0.09466920979660476,0.5888443651379497,0.29700932630179033,1.1054302705412806
1.0,0.4055410556724177,-0.022994463044068825,0.9298953435151687,-0.13938209994441442,-0.3109134395525296,1.687951455685797
-1.0,-0.5603465661564966,-1.0,-1.0,1.0,0.4337338278836089,-2.145907037799648
0.8267162412143325,1.0,0.07571996393429914,0.6047431787520536,-0.8046285761478289,-0.4441518392389738,2.9671758548173566
1.0,-0.4371849082048327,0.30493328673703346,1.0,-0.6650841159972612,1.0,5.631373265891837
0.051789397815574234,-0.6089029475741087,-1.0,-0.33284801932374664,-1.0,-1.0,2.0503174320068984
-1.0,0.3532653854752018,-1.0,-0.10653005033816121,0.9213535691261154,1.0,10.988686788767772
-0.3481072143843195,-0.15535227119526152,-0.29187948657269336,0.3949397125381653,-1.0,-1.0,0.687335576837537
-0.3484640214155019,-1.0,-1.0,-1.0,0.16228188709332214,1.0,-1.3367447885358419
0.4716891914588059,-0.26007962063176837,1.0,0.8768132421698039,0.6766004107561128,-0.1124150921828643,-2.551280646745396
1.0,0.337581835407952,-0.3467444927511248,0.2223416082483085,-1.0,-0.19796549026413524,2.3943115570643334
-0.42159908546216296,0.34287879813218847,-0.23923058179955575,0.6615229066161015,-0.589737443167482,-0.9619836334559151,1.4170375482195263
-0.9416034244452484,-1.0,-0.08233288140419256,-0.502964799796943,0.40504848218437095,1.0,-0.05975893863385026
0.9156445960629847,-0.30096879973687574,1.0,0.6636608077959639,0.11106151726457703,-0.23390592058817022,0.028727656903020066
-1.0,-0.43564426907630505,-0.2880800385451531,0.9179554671568909,-0.10014585675030174,1.0,1.6365687041065229
0.9535251998658218,0.43228818168233474,0.44893143851235173,1.0,0.4919554185182585,0.6859455266861723,-1.4966819214475116
-0.7016688922339033,-0.16764408942588613,-0.4016211997583381,0.7671753478770225,0.2500266655515331,0.2596394755501441,-0.039242515161846125
0.43064330478343393,-0.491502431082122,0.09285990756742468,-0.37171343418509545,-0.4313688161998377,0.1793445775883144,0.38187311789594497
-0.8865498286456421,-0.012412042143184476,-0.4045258655216484,-0.1492670275148935,0.30032195929042416,-0.12215842979779379,0.10719804194270166
0.2134987158184567,0.9619464237787536,-0.29637910038055976,1.0,0.07888629010268322,-1.0,3.9059121667996957
0.8396751953818251,0.9663834870187659,0.15826407576504048,1.0,-0.8855188537725842,-0.15265415237185997,4.561376835281198
-0.851744484349225,-1.0,-1.0,-0.025542558115227543,-0.34119614869837633,-1.0,2.5845707480450075
0.1123469236331106,-0.46483010587373175,-0.49521157583331343,0.17318381876623656,-1.0,0.013923354242570296,0.1135710042225826
-0.5581516879352726,-0.5397115644842007,-0.05108541524643759,0.39851084990833796,1.0,-1.0,4.184932871984473
-1.0,-1.0,0.7150103092113733,-0.9420319586742496,0.009728930044608841,1.0,-3.405416925184973
-1.0,-1.0,0.7147718199641325,-1.0,-0.3078690353404451,-0.8715427525709396,5.129892364676903
1.0,1.0,0.012233731240184786,0.05149374646807203,-0.4162287673611238,-0.18866562660358266,1.8371589574346254
-0.7177450231175048,-0.34689289084646113,0.3855277417440844,-0.5420974784298715,0.6366480863449349,0.7103320607595877,1.4000166248434158
0.4261500496568097,-0.5271076729139359,-0.5383200730214173,0.058353461212127075,0.9182136276982524,1.0,2.0145492417600557
0.0852224987290735,0.20141335866404264,0.09081666624574987,-1.0,-0.4803430814051539,-0.3753758227055597,1.218880684100911
-1.0,0.5584747443986589,0.5009001983107606,-1.0,-0.13648196252838496,-0.18717238405403985,-1.4988164815088854
-0.8712361975732251,-0.16644763675183982,-0.46213550207062726,0.21830763379504448,-0.4914884123587584,-1.0,1.813000347847143
0.593535404458434,0.22919524566733385,0.7698093660017251,1.0,-0.2366677520690083,1.0,-0.2817367073981682
0.131870612403151,1.0,0.46942165597075003,-0.255761121372582,0.9235394829452084,-1.0,0.31530852565008627
-0.10769984463281432,-0.36606964566741046,-0.12153365117329809,1.0,-0.9829657738869664,-0.36720137871992253,0.5026579215537647
-0.6956639598532091,0.5816202990435386,-0.2033257549523181,-1.0,-0.9887441389740371,-0.5968224825002633,0.7635067041982736
-0.4678106169783747,0.15303846866953214,-0.04051325447531158,1.0,0.06409279543913271,-0.04868287751088074,0.09312352497543158
0.08393722685104132,0.16422920812214992,0.05025187949736709,0.4016193626637642,0.48162512046381756,0.15578438553311807,-0.7226546883647951
-1.0,-0.26801743947433004,0.12401006375035308,0.15791814182382202,0.04231764029907842,-1.0,3.6875595231261933
0.12105443313791353,0.7016472763843269,1.0,1.0,0.8281986989992903,-0.10658964258651593,-3.528072062612507
-0.8853941472929698,-0.3929968647746609,-0.09710013078800317,1.0,0.20407285048596235,-0.20291123098694674,-0.2551632273821996
-0.6154467643608568,1.0,-1.0,1.0,-0.14494641813241316,-1.0,6.671676223489719
-0.9274215067387669,0.278353437165922,0.6409562491039603,-0.3117582012593679,-0.9763464691204937,-0.8363992476858029,-1.4451202975764892
0.18067921847656532,-0.4389226943634433,1.0,0.5499775658365726,-1.0,-0.8243596170469532,1.582510616980343
-0.2755454168570774,0.012441131680444362,-0.5774209942431884,0.7673836993137481,-0.31414620532811244,-0.3685906108850534,-0.9452842421045418
-1.0,-1.0,-1.0,-0.6183669407614012,-0.7075591497781595,-0.8893296378785934,1.385289355694531
0.290215803338813,-0.24630875502194105,1.0,-0.38848679325727875,-0.9965367593748915,-0.9912729547887278,2.0272039618060544
-0.8180831570025779,0.06029870516331809,0.045720257794883534,-0.6985459272966299,0.5889313459073058,1.0,2.9967827448593587
1.0,0.785468918504604,1.0,-0.43164363505094705,0.4873320731811539,1.0,-3.8100954795182367
-0.08684966359261959,-0.30966976247214706,-1.0,-1.0,-0.24906680945553705,0.21908389647912532,-1.1560575713965928
-0.7565815457677296,0.4618672376328623,-1.0,0.4573517180447363,0.014886019773679149,-0.37442878960471615,0.14529349950458315
-0.4807208965859574,0.8043202609621868,0.7303146630599796,0.6121372520296867,-0.5471283732621335,-1.0,1.8465949830808142
-0.9283326275446772,-0.22708025368626883,-1.0,-0.3173400905720718,1.0,1.0,7.795189407961924
-1.0,0.04211031889973893,0.1880720653174105,-0.702561928238798,-0.40079065213533194,-0.8540095921872067,1.217197944016637
-0.4609639239510674,0.528756652745357,-0.407492462322411,-0.23051782864707077,-0.5584302593221048,-0.28277968087477057,-0.58115387759061
-0.3280685164455679,-1.0,-0.85868857170132,0.6231695118116398,0.5564107591842586,0.554771157755333,-0.40516219145729004
1.0,1.0,1.0,0.24491998350082733,-1.0,-0.03197718814141837,1.435870884466024
0.9578915124320093,0.09291856326558512,1.0,-0.22816093794116,1.0,0.6132808199304989,-5.360621845632902
-1.0,-1.0,-0.8625728990220319,0.005441743420284473,-0.7755660088827407,-0.7272909105779637,-1.6555044697345582
-0.17810192549227066,-1.0,-0.6267382459160881,0.8005782118116878,-1.0,0.02191828442329284,-1.2444156082339912
0.5953924196884222,1.0,1.0,1.0,-0.8120511640180719,0.9718886778342839,-1.0632747684596788
0.19770110402548702,0.5114654941916075,0.5160350484910132,-0.11877180095057333,-0.31762338359006925,-1.0,2.747235742241223
-1.0,-1.0,0.506287826982166,-0.5867434035147261,-1.0,-1.0,3.1326799422783815
-1.0,-1.0,-1.0,-0.5471310085838235,0.532943483015084,-0.17281221086287693,-4.94324509183681
1.0,1.0,1.0,0.9138286536405034,-1.0,-0.16020292070251838,4.146072298820577
-1.0,-1.0,-0.11851333692036337,-0.583402436414018,-0.12155709192645807,0.6833603541414133,-2.1216630823549343
-1.0,-1.0,-0.6761435313833604,-0.6414380207191657,1.0,1.0,2.477977709463547
0.12500779446226679,0.7342471213801836,1.0,0.8600733225339143,-1.0,1.0,-2.4939259482108325
1.0,0.6517253868596256,0.8698062406578042,-0.866700223886061,-1.0,1.0,6.597239765335522
-0.17001163719026002,-1.0,-1.0,-1.0,0.7303973962977607,0.8111460346184598,-2.780648417821221
1.0,-0.8439973706772372,1.0,0.3109996374156261,-0.6817952435957427,-0.7536653700774065,8.946719834682742
-1.0,-0.36162195579635736,-0.8022639340250011,-1.0,-0.025639076136505942,-0.8220954142013264,2.5805190612727915
-0.39766499618458834,0.18360629240068116,0.7323997029562115,-0.04062370680347083,-1.0,1.0,-0.6583736875933841
0.2223696713992213,-1.0,0.014066938143888374,-0.6889233356371456,0.9768637089498287,-0.18688561948523194,-0.0171129121280027
0.6653765626910367,0.02953055327817128,-0.0661613633682886,1.0,1.0,-0.5678480083655868,-0.06214368078526411
-1.0,-0.05610799718594134,-0.5467988246437899,-1.0,-0.01220071442630372,-0.5077630991870332,0.24458590306095604
-0.21301751804813818,-0.23493876697149418,0.37922939955008733,0.713084232135119,0.4346252498195799,-0.5698762627837443,0.8984542209322854
0.6144190680598046,-0.11957906401416651,-0.6806421022610812,0.717313073110304,-0.5285311716040949,-1.0,3.4651409442571435
0.21275366304635768,-1.0,-0.1286097713897293,-0.022257566631222803,0.563168675154571,1.0,1.4683255339377217
-0.6300531843557104,-1.0,-0.6274044241453275,-0.5469449757688276,0.669802890114646,0.7917133194883637,-0.16003452115098882
-0.4372730932957608,0.5182136822191857,-0.9250223173258844,0.7942832015700485,-0.9410100423393333,-0.5925325853122407,-0.1716276028851532
-0.4020805530752132,-1.0,0.5312439963433779,-1.0,-1.0,1.0,5.500239020418718
-0.23731729916049327,-1.0,-0.7794492798672776,0.22717549571728635,-1.0,-0.5563417608636314,-1.9168986127300107
-1.0,-0.04717471418494634,-1.0,-1.0,1.0,0.21326291221874594,0.3614392596453785
-0.14274078135726848,0.4582564320482896,0.15156576911194763,0.7931516249310662,-0.24063015455208986,1.0,2.3812220460294355
1.0,1.0,0.7779062538362913,1.0,1.0,-1.0,-3.210944501693971
0.4994011529350554,0.6124219900660541,-1.0,-0.43531975355298236,0.726038600935895,0.2830146077420916,1.7937744721760642
-0.8804538505647,-0.092545206169307,0.28572479073632595,-1.0,1.0,1.0,5.905147197203226
0.028804451458368407,1.0,-0.06382355552004476,-0.6641378249165386,0.23840034762307294,1.0,5.600922281134313
0.9068707179926256,1.0,1.0,1.0,0.9462296445910962,0.7919127785871227,-9.793410286400094
1.0,1.0,-0.31554226559203086,-1.0,-0.3192878945641451,-1.0,4.767643092972825
-0.0035930490497435574,-1.0,-0.9581820086017026,-1.0,-1.0,-1.0,5.452088726859738
-1.0,-0.9375342426617179,-1.0,-0.04136360126663374,-0.9240255808713275,-1.0,0.24475237488063384
0.5732781777781941,0.1387125143832335,0.5601770131685877,0.060774960279356804,1.0,-1.0,-0.5382186591992644
-0.7726282726943003,0.42648722086814883,-1.0,0.3865165952211904,-0.3836456066332916,-1.0,5.058194991036561
-1.0,-0.07467851518556046,-1.0,-0.5676463891140935,-1.0,-0.6544040571848779,-1.5536186225048636
-0.37206876621647567,-1.0,-1.0,-1.0,0.46232719987303583,0.17470516590382934,-6.04570703464261
0.7048690576730826,-1.0,1.0,-0.927426832711657,-1.0,-0.49205884086911844,13.307842470734746
0.5829602678168223,-0.5524992565370191,-0.8296063111341747,-1.0,1.0,0.9033981838678604,-0.9361232320915167
-0.45435701486476,0.670229200520922,1.0,0.6854566044580488,1.0,1.0,-0.808745183000585
-0.23859687088995263,-1.0,0.6932069614890966,-1.0,-1.0,0.9338643403599691,5.256868121426441
-0.4374038274539205,-1.0,-0.9567794238071095,-1.0,-0.2902107399882897,-0.6617191544182864,0.24171393684956044
-1.0,-0.28051695875371496,-0.1924550907699285,0.3746331321094947,0.4032591733006937,-0.055297952291673697,1.2335933727426602
1.0,0.05776859477495344,1.0,0.31320182247404227,-0.14437755015150883,-0.2176618339840639,0.7988521749803984
-1.0,-1.0,-0.24025368416951465,0.6089033594716556,-0.03158849182390333,-0.6293981858501827,0.052827981619197106
1.0,0.9592452142356674,0.5567097795603881,-0.8833025256902622,0.9884104825850051,0.26914954997787777,0.11957093008906594
-1.0,-0.750466367529898,-1.0,-1.0,-0.07832166423268491,-0.9173437076401236,3.2161378515747314
1.0,1.0,1.0,-0.6984319714788455,-1.0,1.0,4.39958115951851
1.0,-0.1817663970475739,0.9550707301001576,0.7232114096112571,0.42008966677984516,0.7562923467045474,-3.3498734939787993
-0.1514940266826419,0.75773097297668,-1.0,-0.4014642356404681,-0.3117020942466381,-1.0,3.0015286266486525
-0.07320028806530299,0.41943791943125025,0.11606082830376024,0.041447616165889656,-0.2581114613791571,-0.7892970112305144,1.0633238583737226
1.0,-0.5724991072743586,-0.35496855924387233,-0.6015573021445998,-1.0,-1.0,7.901413541780903
0.0588146728091834,-0.31824669908789205,1.0,0.463208532603362,-1.0,-1.0,1.3346904308954444
-1.0,0.7280890454683759,0.22042543252389513,0.3502450387384909,0.3907801617107449,0.6048863876193857,1.0385160418957171
-0.2683152964425244,-0.4582741064146628,-1.0,-0.699424314510803,-1.0,-1.0,2.4399889594014312
1.0,1.0,0.6767267163271533,1.0,0.4738703660975143,0.5772837292904947,-3.4856274441640087
-1.0,-1.0,-0.6664379590871755,-1.0,-0.7005972727202932,-1.0,2.9525873896835453
1.0,-0.8546547217218845,-0.0634605117494701,0.5795916016876294,1.0,1.0,0.382973673260246
-0.6601974859737266,0.05195454874400274,-0.172788222188337,-0.40688765840972885,-1.0,-0.5699717738647385,-0.7410878677871318
0.008496969719201664,0.03901608261344247,0.3598476597651583,1.0,1.0,0.6675717871895859,2.029670887181896
-1.0,-0.16492512390988145,-0.7091749317009022,-1.0,-0.6670548726146922,0.5288633475252268,-1.2314453423194467
1.0,1.0,0.8653315313862675,0.13651215231655311,0.28334235351450876,-1.0,0.7190632985222685
-0.6735756873170057,-1.0,-1.0,-0.6167372074045772,1.0,-0.5214206496356922,-2.8424587355932704
0.3833325031983529,0.9979613724355487,-0.3959134878842929,1.0,1.0,1.0,3.090609396679382
1.0,0.4951978799918484,-0.12505436547592064,0.10918408001926683,-0.5234681284429323,0.3592856818732869,1.5409728980970632
-0.8224006850261044,0.7665659138456096,1.0,0.6505702015739624,-0.47554143406914995,1.0,-4.756627867050667
-0.5744713226080518,-1.0,-0.1646057106988177,-0.5040499130638179,0.424530747340097,0.9173850791052232,0.47603813828235875
-0.5412020457980438,0.5283303009313046,-1.0,-0.4776384659598667,0.6099725108817884,1.0,9.836873558951945
-0.38007844752379866,0.43469846660699346,-1.0,0.08590212377922968,-0.04628557562108049,1.0,8.244435469096869
0.9700045615228284,0.4383868926738064,0.03457816149411169,-0.44579909824835084,-1.0,0.12972293316173478,2.970740467404245
-0.12984860673800414,-0.879243679215785,-0.5030166724870612,-0.4715416439448727,-0.45190054779223016,-0.8337112135461522,2.243844608400079
1.0,0.7246712228555436,0.5265981936578892,0.5544899118095395,1.0,1.0,-1.6022278775615897
-0.8090391579622855,0.5909315574140318,-0.02397194590343321,-1.0,-0.6066986406167661,0.150380274348906,0.5556587879138293
-1.0,-1.0,-0.8659214766332719,-0.3814398647041157,-0.016493659015251794,-0.16182409960599542,-3.142142699343124
0.5010130487628421,1.0,0.617814534304188,-0.19212513673142673,0.07530645310558592,0.2165351844473924,-1.762848260861087
0.8550602547460646,-0.9398508748695116,1.0,-0.049261744919831485,1.0,0.40338982868192597,-3.6459488358266885
0.44184815126559707,-1.0,-0.032833884984135864,-1.0,0.6978603455861034,0.9327463943320982,-2.2425940626462912
-1.0,0.38412389924841694,-0.5195015255091255,-1.0,-0.3992499929302389,-0.5022990437442373,-1.2949472971785712
0.16203204737553678,0.0746072588744443,0.18149821901205568,-0.26103050149999907,0.27182218350032417,-0.38802674789807096,0.22348194089834958
-0.07194945133100117,0.899960178357962,0.7644922173995576,0.573124787565944,0.22575292305910238,-0.8915209575603924,-0.604409410723102
0.668566629032756,1.0,0.0776315098162452,1.0,1.0,0.24743413176929518,-1.910812813914138
1.0,0.9179683891141526,0.4336669300082733,1.0,0.9520237585808021,0.37453211718533425,-3.2201268830170995
0.6747062732120493,0.6260268901730527,-0.08458584643484882,-0.13794738013043273,-0.21303886761851643,-0.28307819815201796,0.18037023321061746
0.4818388162093319,-0.19826045782325386,0.45083745599321,-1.0,0.6092773137334938,0.8995293402955269,0.7171088634672667
-0.8356672833749297,-0.6466463325689852,-0.597582070542676,0.13448989155457686,0.07418162305788667,0.9862695677259143,2.762608289292522
1.0,0.12619803757036996,0.5911844085135214,1.0,-1.0,0.4056580007844717,3.310028552697768
1.0,0.2728615257141599,-0.295275217387629,0.02535694607862171,0.0406630458719589,1.0,2.7577275088211457
0.8310864896935756,-0.7715708767918689,1.0,-1.0,-0.5309510040092815,0.1967639522564138,2.2822494936305775
-0.4679772640559908,-0.11495874027314579,-1.0,0.5124862046172041,1.0,1.0,9.24300657605236
0.0602016599252031,0.38969687954827914,0.9781669041216551,0.25537911091027454,-1.0,-0.3824177380540812,-1.0364603625263111
-0.81076891475678,-1.0,-1.0,-1.0,0.5729600151685195,-1.0,3.2834876690120742
-0.4755174757799756,-0.6359329676408889,-1.0,-1.0,-0.5771187792576882,0.8152641352486756,2.0577541953199976
-0.94115236073892,-1.0,-0.5584811972444197,0.861230306763504,0.8128135494097796,0.7101725290228902,-0.21581147539681
0.8683631628067513,1.0,-0.43890135476117476,0.6803233022057487,-0.1307727796312902,-1.0,4.493732611079212
1.0,0.34453353019788335,-0.9014944033038969,0.6448520100386145,0.11525400155224957,-0.2861089173066721,-1.0327512215655439
-0.13410382721483638,-0.20710597747243376,0.20941674400183552,-0.02274551935896163,1.0,0.2837245655323889,-1.4826186436984918
1.0,0.2431211018293622,1.0,0.37109108984838457,1.0,0.7953346122850348,-5.93508098134932
0.06978699556108703,-1.0,0.38403341034419247,-0.3500468784169947,0.24672988675650287,0.9767873111439789,1.0690890911377824
-0.0012004168523798153,-0.8100557371771038,-0.30411108605251025,-1.0,-1.0,-0.2946234585383902,4.562576245350879
0.7089915659040408,-0.46589439330964477,-0.7548976355861489,0.627816368020801,-0.27333374270537486,0.8460943130742888,2.6602180652098015
0.5652851576195528,-0.0017322479897905335,-0.12606254724110955,-0.17298814327826317,-1.0,0.9882187809413174,5.812724118884752
-1.0,-0.2167514052357255,0.8607365523163234,-0.3371011771093758,0.6724833783319006,-0.158394958443885,1.145236848376535
-0.4311311051164066,-1.0,-0.37954086619484717,-0.6268412025315847,-0.4966607066524117,0.11060415336869478,-1.5657057535391743
0.8519315143760092,-0.37057738495253445,1.0,1.0,1.0,1.0,-4.741281092448164
-0.29070801486143316,1.0,0.7236691600482665,1.0,1.0,-0.35912428713321043,-3.149992534973208
-1.0,-0.3046044192779519,-0.08520121741584641,0.972816961415616,1.0,0.35814797510012886,3.45555921886737
-0.7539878561388658,-1.0,-0.8429876615516187,-1.0,1.0,0.5194295294678744,-2.834995370508731
-1.0,-1.0,-1.0,-1.0,-0.019443638918315687,0.0799337244177549,-7.511290916070405
-0.5754971768916061,-1.0,-1.0,-0.21189777283904132,-1.0,-0.21492094087664826,-4.648618543085631
0.8316868228246479,0.8595628920045446,0.22723522858938083,-0.5841966207097931,0.37735853239815326,-1.0,1.665492302778843
-1.0,-0.5321465804809137,-0.7536296782954559,-1.0,-0.02595499573801674,-0.456783509949014,-1.6604222410882759
-0.39554806918118995,-1.0,0.35509592868623063,0.8170412010278207,1.0,1.0,3.9789741265333616
0.433747958070771,-0.022197793403630747,-0.10284046851856221,-0.27684050743544575,-0.9144792444024874,0.14660805261152418,-0.5006765598052183
-0.03374721451687379,1.0,1.0,0.631545670928436,0.14173780571311756,1.0,-4.64238542124615
-0.35469710206183125,-0.9323547385108812,-0.32075972801058555,0.7599778614750339,-1.0,-1.0,1.0664159087972076
1.0,1.0,0.7959667227586747,0.011232548783906005,1.0,-0.255821913412855,-4.358850497453484
0.5803264176537278,0.8070019660357419,-1.0,-0.17147908639548715,0.3167835765061868,1.0,6.707029999972711
0.773865702934933,0.3028705684150851,-0.6355698630631004,-0.26298123741778207,0.37902026865282457,0.4713178115457628,-0.12401554823792194
1.0,-0.006560189751541434,-0.34877374893387125,1.0,-1.0,-0.6450655016385044,6.0916648129070765
-1.0,0.6357961807177493,0.6189204653375381,0.37317435854911407,-1.0,-0.6702754664683291,-1.4394697264144587
0.2735175156684371,0.7559472430305201,0.8417268775195078,0.4321674101980366,0.024839488195754766,-0.29597768401521474,-1.2602331694035755
-1.0,-0.5136104316596939,0.388568656771749,-0.03184309989263723,-0.4963281458162965,-0.4115788962663322,-0.7870371030774426
0.8630024842310844,0.43278190124514726,0.7028548608668619,0.7498025788676284,-0.868534916452979,-0.07980360099389905,2.97792731554597
-0.20104181362250695,-0.021707156894780838,-1.0,-0.7974703448352133,0.8730875864924081,0.7557676428206126,4.7358776705234735
-0.00964443323223707,-0.42387683739623805,-1.0,-0.26703465635882984,0.42326998319745235,0.2313394173359573,0.12309844242996665
1.0,0.6224701900120118,0.2709167277121143,1.0,0.2762004484403697,0.8656972932420347,-0.377747200950575
0.2567863843219787,-0.41364007207756537,-0.6686136082177456,-0.2524225343966091,-0.6077333669469932,-0.05308932246002618,-0.08747034736320164
-0.7070948244804012,-0.6045283911360372,-0.7289783370464347,0.7953935848011535,0.09248675390384986,0.3537977584394794,-0.5307831343967789
0.5788274734510783,1.0,0.4052332347677817,1.0,0.6766006034817218,-1.0,1.541111613893013
1.0,0.3518984658231106,-0.5257015383147107,0.8252734487374616,0.6785606172795444,-0.3280495508044977,-2.276604625909356
-0.3043888459848552,-0.04962432507586079,-1.0,0.10228589066062588,1.0,1.0,8.349574505774608
-0.110237469369141,-0.513540551872041,0.9445636034873776,0.262892654193236,-1.0,0.22298013149599394,-0.9007560940225191
0.7217083804209847,1.0,0.6417715221955483,0.7256862483771841,0.9175512831327624,0.5278445625644703,-4.381196769851443
-1.0,-0.42487539966837606,-0.45477820402372293,0.21142343769486704,-0.5068371135387333,0.019300579318174305,-2.7228813023560745
-0.2048181605460082,-0.00853006325846678,1.0,0.9263447616097982,0.7312557088687008,0.32508338739368425,-1.329704183266992
0.6931588306582432,0.44814833396495146,0.25955856230198515,0.15331935757092557,1.0,-0.8696131680926757,-0.7783002392368753
-1.0,-1.0,-0.6989347514860156,-1.0,0.8272320749292873,-0.07637174602240426,-3.469908262220248
-0.46286322177973693,-0.1865445507377388,0.4202099227106432,-1.0,-1.0,-0.5290109564697487,1.347132049704672
-0.03806134564628699,0.03479495837117197,-1.0,-0.10849567794050985,0.10571670468559591,-1.0,3.3500058630130867
0.01582328289044388,0.3378175438998179,0.5789476300996875,0.9433197062963157,0.7228361363978935,0.4598753747553965,-1.1299296222970052
-0.0733444219936624,-0.8775084131749115,-0.36638392864598884,0.06895154978074192,-1.0,-1.0,1.4845477536622236
-1.0,-0.3465131323837647,-0.11774642842507599,-0.522048971094367,0.5150167798344137,-1.0,5.14139837139069
0.7571268777048863,0.5532372418638185,0.8798928802106798,1.0,-0.1123570321649518,-0.0060250764739066265,0.23634482382547684
-0.25958818068802947,-1.0,-1.0,0.5986354471563146,-1.0,0.5908990778241845,-0.876400920234432
-0.9364588161504726,0.06064196311300585,0.740387396020025,0.6651855976139327,0.07523067167349007,1.0,-0.5926989590597915
-1.0,-0.7785995857634003,-1.0,-0.3184256960131855,-1.0,-1.0,0.7428233955585644
0.3972353474682715,0.3461853298688097,1.0,0.2482524575642161,-0.3213696540150934,-0.8393420806837685,1.0859880276582237
-0.15494911380882703,-0.48202344560121446,-0.04436849840313917,-0.42704831472905624,0.2589171285382672,-0.020149317542064338,0.6856208506525222
-1.0,-1.0,-0.38011357018733016,-0.9858774887285615,1.0,1.0,0.9804876172041681
-0.7820765782996083,-0.07509755969618326,-1.0,-1.0,0.348554559392963,-0.733090434834506,2.352983720029677
-1.0,-0.16203632980240013,-0.00023512953941606796,-0.773587815321197,0.5134807935856249,-0.39056816278799095,2.7465060710313502
0.11763449277302529,1.0,0.5212440315008091,1.0,-0.8173481917299462,-0.31491375144632766,0.5861413100131945
-1.0,-1.0,-0.3205707006690055,-1.0,1.0,1.0,1.5944944477949208
1.0,1.0,0.11577990866450505,0.24871250208540108,1.0,1.0,1.3357998927810582
-1.0,-0.5473137061517694,-1.0,-0.08546759035482299,-1.0,-1.0,0.5808914151022521
-0.3685797144189742,-0.052035010686677485,0.058567911609009204,-0.2662164289012592,1.0,1.0,3.7448691800729255
-0.7509668630908232,0.07350212175392967,-0.3791163860528763,-1.0,-0.37658213242547256,0.6134034436430094,0.9423975870481921
-0.39431445126451403,-0.8074617818136365,0.24178643068143701,-0.17104594872377987,-0.03892925871557118,-1.0,4.372987505048214
0.6619335294315438,0.9343896259418376,-0.7384478863240145,-0.9700489793005722,-0.5440260089287592,1.0,11.98448326642367
0.8746075529675035,0.7328291055292335,0.8567661673429061,-0.0279647155626368,-1.0,-1.0,4.780731776342631
1.0,1.0,0.5155454013015115,0.5737721712603019,1.0,0.7417541457138541,-4.196401586280079
0.34231005510155854,-0.3969818578614495,-0.22573168945651,1.0,-0.19824073026380806,1.0,2.9674288576296277
-1.0,-0.6115598699065659,-0.22550624584534718,0.007029380800304796,-0.31973034331630135,0.5613053811692766,-0.9898267762015416
0.36613185471722853,0.13445707458078954,0.12788390195457255,-0.03317662189270121,1.0,0.14422538638675197,-1.4080025212271012
0.23088963247819438,1.0,0.5538770161796271,0.04429959327745214,-0.9683886965452264,0.9066600729277406,1.658953208352068
0.30343615917831845,0.32118372458631905,-0.543965830918004,-0.2286364244857434,0.3312314133987951,0.6826275719512547,1.649224933805504
0.2788619343939768,0.5697420428117002,0.8375466097646912,1.0,-0.3082484286567999,0.7307911798405365,-0.1601431321818474
0.22261661988585302,-0.1787711638520022,-0.27069343414174185,-0.8594031855325739,-1.0,-0.23889318630571843,2.8264864721341993
1.0,0.0627634493228646,0.9968287375373163,0.9647616901575269,-0.6418402538425303,-1.0,6.996581097665026
